departure_time,arrival_time,airfare,airline,duration,num_stops,departure_date,days_to_departure
11:30pm,8:45am,$694,Philippine Airlines,43h 15m,(1 stop),04/07/2019,1
4:25pm,7:40am,$821,China Eastern Airlines,49h 15m,(3 stops),04/07/2019,1
4:25pm,7:40am,$821,China Eastern Airlines,49h 15m,(3 stops),04/07/2019,1
4:25pm,7:40am,$834,China Eastern Airlines,73h 15m,(2 stops),04/07/2019,1
3:30pm,8:50am,$956,Cathay Pacific,27h 20m,(1 stop),04/07/2019,1
3:30pm,10:50am,$956,Cathay Pacific,29h 20m,(1 stop),04/07/2019,1
1:00pm,8:25am,"$1,027",Multiple Airlines,29h 25m,(1 stop),04/07/2019,1
1:00pm,9:00am,"$1,027",Multiple Airlines,30h 0m,(1 stop),04/07/2019,1
5:25pm,7:00am,"$1,062",United,23h 35m,(1 stop),04/07/2019,1
2:05pm,7:00am,"$1,062",United,26h 55m,(1 stop),04/07/2019,1
12:40pm,7:00am,"$1,062",United,28h 20m,(1 stop),04/07/2019,1
9:00am,7:00am,"$1,062",United,32h 0m,(1 stop),04/07/2019,1
7:59am,7:00am,"$1,062",United,33h 1m,(1 stop),04/07/2019,1
2:50pm,6:55am,"$1,067",United,26h 5m,(2 stops),04/07/2019,1
2:55pm,7:00am,"$1,067",United,26h 5m,(2 stops),04/07/2019,1
2:35pm,7:00am,"$1,067",United,26h 25m,(2 stops),04/07/2019,1
1:51pm,6:55am,"$1,067",United,27h 4m,(2 stops),04/07/2019,1
1:51pm,6:55am,"$1,067",United,27h 4m,(2 stops),04/07/2019,1
1:51pm,7:00am,"$1,067",United,27h 9m,(2 stops),04/07/2019,1
1:51pm,7:00am,"$1,067",United,27h 9m,(2 stops),04/07/2019,1
12:20pm,6:55am,"$1,067",United,28h 35m,(2 stops),04/07/2019,1
12:20pm,6:55am,"$1,067",United,28h 35m,(2 stops),04/07/2019,1
11:16am,6:55am,"$1,067",United,29h 39m,(2 stops),04/07/2019,1
6:35pm,6:25am,"$1,085",Multiple Airlines,21h 50m,(1 stop),04/07/2019,1
7:59am,8:40am,"$1,097",Air New Zealand,34h 41m,(2 stops),04/07/2019,1
8:15am,6:10am,"$1,117",Japan Airlines,31h 55m,(2 stops),04/07/2019,1
7:00am,6:25am,"$1,137",Multiple Airlines,33h 25m,(1 stop),04/07/2019,1
3:38pm,6:35am,"$1,146",Delta,24h 57m,(2 stops),04/07/2019,1
3:11pm,7:25am,"$1,146",American Airlines,26h 14m,(2 stops),04/07/2019,1
1:55pm,6:35am,"$1,146",Delta,26h 40m,(2 stops),04/07/2019,1
12:03pm,6:35am,"$1,146",Delta,28h 32m,(2 stops),04/07/2019,1
11:55am,6:35am,"$1,146",Delta,28h 40m,(2 stops),04/07/2019,1
11:55am,6:35am,"$1,146",Delta,28h 40m,(2 stops),04/07/2019,1
11:55am,6:35am,"$1,146",Delta,28h 40m,(2 stops),04/07/2019,1
10:00am,6:35am,"$1,146",Delta,30h 35m,(2 stops),04/07/2019,1
7:45am,6:10am,"$1,163",Japan Airlines,32h 25m,(2 stops),04/07/2019,1
12:03pm,6:35am,"$1,164",Delta,28h 32m,(2 stops),04/07/2019,1
10:00am,6:35am,"$1,164",Delta,30h 35m,(2 stops),04/07/2019,1
10:00am,6:35am,"$1,164",Delta,30h 35m,(2 stops),04/07/2019,1
10:29am,7:25am,"$1,164",American Airlines,30h 56m,(2 stops),04/07/2019,1
8:15am,7:25am,"$1,164",American Airlines,33h 10m,(2 stops),04/07/2019,1
2:30pm,5:20pm,"$1,167",Emirates,36h 50m,(1 stop),04/07/2019,1
2:30pm,10:05pm,"$1,167",Emirates,41h 35m,(1 stop),04/07/2019,1
11:50am,6:25am,"$1,169",Multiple Airlines,28h 35m,(1 stop),04/07/2019,1
2:45pm,2:50pm,"$1,196",Air China,34h 5m,(1 stop),04/07/2019,1
10:20pm,5:50pm,"$1,242",Etihad Airways,29h 30m,(1 stop),04/07/2019,1
11:55am,6:35am,"$1,277",Delta,28h 40m,(2 stops),04/07/2019,1
12:40pm,6:15am,"$1,278",Korean Air,27h 35m,(1 stop),04/07/2019,1
11:50am,6:25am,"$1,292",Qantas Airways,28h 35m,(1 stop),04/07/2019,1
5:25pm,8:40am,"$1,413",Air New Zealand,25h 15m,(2 stops),04/07/2019,1
8:15pm,8:20am,"$1,437",Air Canada,22h 5m,(1 stop),04/07/2019,1
6:00pm,8:20am,"$1,437",Air Canada,24h 20m,(1 stop),04/07/2019,1
5:55pm,8:20am,"$1,437",Air Canada,24h 25m,(2 stops),04/07/2019,1
4:50pm,8:20am,"$1,437",Air Canada,25h 30m,(2 stops),04/07/2019,1
4:50pm,8:20am,"$1,437",Air Canada,25h 30m,(2 stops),04/07/2019,1
4:20pm,8:20am,"$1,437",Air Canada,26h 0m,(2 stops),04/07/2019,1
4:00pm,8:20am,"$1,437",Air Canada,26h 20m,(1 stop),04/07/2019,1
10:15pm,6:55pm,"$1,606",China Airlines,30h 40m,(2 stops),04/07/2019,1
8:35pm,7:15pm,"$1,833",Singapore Airlines,32h 40m,(2 stops),04/07/2019,1
1:55pm,7:30am,"$1,948",Delta,27h 35m,(2 stops),04/07/2019,1
1:45pm,7:30am,"$2,147",Asiana Airlines,27h 45m,(1 stop),04/07/2019,1
3:30pm,6:35am,"$2,481",Delta,25h 5m,(2 stops),04/07/2019,1
12:03pm,7:30am,"$2,481",Delta,29h 27m,(2 stops),04/07/2019,1
6:55am,6:05am,"$4,717",Multiple Airlines,33h 10m,(1 stop),04/07/2019,1
6:25pm,7:30am,"$5,387",Multiple Airlines,23h 5m,(1 stop),04/07/2019,1
1:40pm,8:55am,"$5,746",All Nippon Airways,29h 15m,(1 stop),04/07/2019,1
4:25pm,12:35pm,$816,China Eastern Airlines,49h 45m,(2 stops),04/08/2019,2
7:00pm,10:45am,$903,China Airlines,28h 35m,(1 stop),04/08/2019,2
1:45am,8:20pm,$943,Cathay Pacific,38h 30m,(1 stop),04/08/2019,2
1:45am,6:15am,$943,Cathay Pacific,41h 5m,(1 stop),04/08/2019,2
1:45am,8:50am,$943,Cathay Pacific,43h 5m,(1 stop),04/08/2019,2
1:45am,10:50am,$943,Cathay Pacific,30h 10m,(1 stop),04/08/2019,2
1:00pm,8:25am,"$1,006",Multiple Airlines,29h 25m,(1 stop),04/08/2019,2
1:00pm,9:00am,"$1,006",Multiple Airlines,30h 0m,(1 stop),04/08/2019,2
1:00pm,12:35pm,"$1,006",Multiple Airlines,33h 35m,(1 stop),04/08/2019,2
5:25pm,7:00am,"$1,034",United,23h 35m,(1 stop),04/08/2019,2
2:05pm,7:00am,"$1,034",United,26h 55m,(1 stop),04/08/2019,2
12:40pm,7:00am,"$1,034",United,28h 20m,(1 stop),04/08/2019,2
9:30am,7:00am,"$1,034",United,31h 30m,(1 stop),04/08/2019,2
7:59am,7:00am,"$1,034",United,33h 1m,(1 stop),04/08/2019,2
2:50pm,7:00am,"$1,039",United,27h 4m,(2 stops),04/08/2019,2
3:30pm,6:35am,"$1,104",Delta,27h 4m,(2 stops),04/08/2019,2
1:55pm,6:35am,"$1,104",Delta,27h 9m,(2 stops),04/08/2019,2
12:03pm,6:35am,"$1,104",Delta,27h 9m,(2 stops),04/08/2019,2
11:55am,6:35am,"$1,104",Delta,29h 39m,(2 stops),04/08/2019,2
11:55am,6:35am,"$1,104",Delta,29h 39m,(2 stops),04/08/2019,2
11:55am,6:35am,"$1,104",Delta,29h 39m,(2 stops),04/08/2019,2
10:35am,6:35am,"$1,104",Delta,33h 25m,(1 stop),04/08/2019,2
10:35am,6:35am,"$1,104",Delta,26h 14m,(2 stops),04/08/2019,2
10:35am,6:35am,"$1,104",Delta,26h 40m,(2 stops),04/08/2019,2
6:25pm,7:30am,"$1,109",Multiple Airlines,28h 32m,(2 stops),04/08/2019,2
11:55am,6:35am,"$1,122",Delta,28h 40m,(2 stops),04/08/2019,2
10:35am,6:35am,"$1,122",Delta,28h 40m,(2 stops),04/08/2019,2
10:35am,6:35am,"$1,122",Delta,28h 40m,(2 stops),04/08/2019,2
10:59am,7:25am,"$1,122",American Airlines,29h 40m,(2 stops),04/08/2019,2
2:30pm,5:20pm,"$1,124",Emirates,29h 40m,(2 stops),04/08/2019,2
2:30pm,10:05pm,"$1,124",Emirates,30h 0m,(2 stops),04/08/2019,2
2:30pm,6:05am,"$1,124",Emirates,30h 0m,(2 stops),04/08/2019,2
2:30pm,7:40am,"$1,126",Emirates,30h 0m,(2 stops),04/08/2019,2
4:50pm,7:00am,"$1,171",United,30h 35m,(2 stops),04/08/2019,2
3:14pm,6:55am,"$1,171",United,33h 10m,(2 stops),04/08/2019,2
7:00pm,10:45am,$901,China Airlines,49h 45m,(2 stops),04/08/2019,2
1:45am,8:20pm,$941,Cathay Pacific,28h 35m,(1 stop),04/08/2019,2
1:45am,6:15am,$941,Cathay Pacific,38h 30m,(1 stop),04/08/2019,2
1:45am,8:50am,$941,Cathay Pacific,41h 5m,(1 stop),04/08/2019,2
1:45am,10:50am,$941,Cathay Pacific,43h 5m,(1 stop),04/08/2019,2
4:25pm,12:35pm,$972,China Eastern Airlines,30h 10m,(1 stop),04/08/2019,2
1:00pm,8:25am,"$1,005",Multiple Airlines,29h 25m,(1 stop),04/08/2019,2
1:00pm,9:00am,"$1,005",Multiple Airlines,30h 0m,(1 stop),04/08/2019,2
1:00pm,12:35pm,"$1,005",Multiple Airlines,33h 35m,(1 stop),04/08/2019,2
5:25pm,7:00am,"$1,031",United,23h 35m,(1 stop),04/08/2019,2
2:05pm,7:00am,"$1,031",United,26h 55m,(1 stop),04/08/2019,2
12:40pm,7:00am,"$1,031",United,28h 20m,(1 stop),04/08/2019,2
9:30am,7:00am,"$1,031",United,31h 30m,(1 stop),04/08/2019,2
7:59am,7:00am,"$1,031",United,33h 1m,(1 stop),04/08/2019,2
1:51pm,6:55am,"$1,036",United,27h 4m,(2 stops),04/08/2019,2
1:51pm,6:55am,"$1,036",United,27h 4m,(2 stops),04/08/2019,2
1:51pm,7:00am,"$1,036",United,27h 9m,(2 stops),04/08/2019,2
1:51pm,7:00am,"$1,036",United,27h 9m,(2 stops),04/08/2019,2
11:16am,6:55am,"$1,036",United,29h 39m,(2 stops),04/08/2019,2
11:16am,6:55am,"$1,036",United,29h 39m,(2 stops),04/08/2019,2
11:16am,6:55am,"$1,036",United,29h 39m,(2 stops),04/08/2019,2
7:00am,6:25am,"$1,094",Multiple Airlines,33h 25m,(1 stop),04/08/2019,2
3:11pm,7:25am,"$1,101",American Airlines,26h 14m,(2 stops),04/08/2019,2
1:55pm,6:35am,"$1,101",Delta,26h 40m,(2 stops),04/08/2019,2
12:03pm,6:35am,"$1,101",Delta,28h 32m,(2 stops),04/08/2019,2
11:55am,6:35am,"$1,101",Delta,28h 40m,(2 stops),04/08/2019,2
11:55am,6:35am,"$1,101",Delta,28h 40m,(2 stops),04/08/2019,2
11:55am,6:35am,"$1,101",Delta,28h 40m,(2 stops),04/08/2019,2
11:45am,7:25am,"$1,101",American Airlines,29h 40m,(2 stops),04/08/2019,2
11:45am,7:25am,"$1,101",American Airlines,29h 40m,(2 stops),04/08/2019,2
10:35am,6:35am,"$1,101",Delta,30h 0m,(2 stops),04/08/2019,2
10:35am,6:35am,"$1,101",Delta,30h 0m,(2 stops),04/08/2019,2
10:35am,6:35am,"$1,101",Delta,30h 0m,(2 stops),04/08/2019,2
10:00am,6:35am,"$1,101",Delta,30h 35m,(2 stops),04/08/2019,2
8:15am,7:25am,"$1,101",American Airlines,33h 10m,(2 stops),04/08/2019,2
8:15am,7:25am,"$1,101",American Airlines,33h 10m,(2 stops),04/08/2019,2
8:15am,6:10am,"$1,102",Japan Airlines,31h 55m,(2 stops),04/08/2019,2
6:25pm,7:30am,"$1,106",Multiple Airlines,23h 5m,(1 stop),04/08/2019,2
11:45am,7:25am,"$1,119",American Airlines,29h 40m,(2 stops),04/08/2019,2
11:45am,7:25am,"$1,119",American Airlines,29h 40m,(2 stops),04/08/2019,2
10:35am,6:35am,"$1,119",Delta,30h 0m,(2 stops),04/08/2019,2
10:59am,7:25am,"$1,119",American Airlines,30h 26m,(2 stops),04/08/2019,2
10:00am,6:35am,"$1,119",Delta,30h 35m,(2 stops),04/08/2019,2
8:15am,7:25am,"$1,119",American Airlines,33h 10m,(2 stops),04/08/2019,2
8:15am,7:25am,"$1,119",American Airlines,33h 10m,(2 stops),04/08/2019,2
8:15am,7:25am,"$1,119",American Airlines,33h 10m,(2 stops),04/08/2019,2
8:15am,7:25am,"$1,119",American Airlines,33h 10m,(2 stops),04/08/2019,2
2:30pm,5:20pm,"$1,122",Emirates,36h 50m,(1 stop),04/08/2019,2
2:30pm,10:05pm,"$1,122",Emirates,41h 35m,(1 stop),04/08/2019,2
6:40pm,6:25am,"$1,126",Multiple Airlines,21h 45m,(1 stop),04/08/2019,2
4:50pm,7:00am,"$1,168",United,24h 10m,(2 stops),04/08/2019,2
3:14pm,6:55am,"$1,168",United,25h 41m,(2 stops),04/08/2019,2
1:51pm,6:55am,"$1,168",United,27h 4m,(2 stops),04/08/2019,2
6:25pm,7:30am,"$1,210",Virgin Australia,23h 5m,(1 stop),04/08/2019,2
11:55am,6:35am,"$1,233",Delta,28h 40m,(2 stops),04/08/2019,2
10:35am,6:35am,"$1,233",Delta,30h 0m,(2 stops),04/08/2019,2
11:50am,6:25am,"$1,237",Multiple Airlines,28h 35m,(1 stop),04/08/2019,2
12:40pm,6:15am,"$1,278",Korean Air,27h 35m,(1 stop),04/08/2019,2
11:16am,6:55am,"$1,353",United,29h 39m,(2 stops),04/08/2019,2
11:16am,6:55am,"$1,353",United,29h 39m,(2 stops),04/08/2019,2
1:30am,7:40pm,"$1,383",China Southern Airlines,28h 10m,(1 stop),04/08/2019,2
8:15pm,8:20am,"$1,404",Air Canada,22h 5m,(1 stop),04/08/2019,2
6:00pm,8:20am,"$1,404",Air Canada,24h 20m,(1 stop),04/08/2019,2
5:55pm,8:20am,"$1,404",Air Canada,24h 25m,(2 stops),04/08/2019,2
4:50pm,8:20am,"$1,404",Air Canada,25h 30m,(2 stops),04/08/2019,2
4:50pm,8:20am,"$1,404",Air Canada,25h 30m,(2 stops),04/08/2019,2
4:00pm,8:20am,"$1,404",Air Canada,26h 20m,(1 stop),04/08/2019,2
3:15pm,8:20am,"$1,404",Air Canada,27h 5m,(2 stops),04/08/2019,2
10:00am,8:20am,"$1,404",Air Canada,32h 20m,(1 stop),04/08/2019,2
9:50am,7:20am,"$1,521",Thai Airways International,31h 30m,(2 stops),04/08/2019,2
8:35pm,7:15pm,"$1,833",Singapore Airlines,32h 40m,(2 stops),04/08/2019,2
2:45pm,2:50pm,"$1,908",Air China,34h 5m,(1 stop),04/08/2019,2
5:55pm,5:50pm,"$1,916",Etihad Airways,33h 55m,(2 stops),04/08/2019,2
11:50am,6:25am,"$2,034",Qantas Airways,28h 35m,(1 stop),04/08/2019,2
1:45pm,7:15am,"$2,147",Asiana Airlines,27h 30m,(1 stop),04/08/2019,2
12:03pm,7:30am,"$2,455",Delta,29h 27m,(2 stops),04/08/2019,2
11:30pm,9:00pm,"$4,123",Philippine Airlines,31h 30m,(1 stop),04/08/2019,2
6:55pm,6:25am,"$4,166",Multiple Airlines,21h 30m,(1 stop),04/08/2019,2
1:40pm,8:55am,"$5,523",All Nippon Airways,29h 15m,(1 stop),04/08/2019,2
4:25pm,7:40am,$677,China Eastern Airlines,73h 15m,(2 stops),04/09/2019,3
7:00pm,6:55pm,$901,China Airlines,33h 55m,(2 stops),04/09/2019,3
7:00pm,10:45am,$901,China Airlines,49h 45m,(2 stops),04/09/2019,3
1:45am,8:20pm,$941,Cathay Pacific,28h 35m,(1 stop),04/09/2019,3
1:45am,6:15am,$941,Cathay Pacific,38h 30m,(1 stop),04/09/2019,3
1:45am,8:50am,$941,Cathay Pacific,41h 5m,(1 stop),04/09/2019,3
1:45am,10:50am,$941,Cathay Pacific,43h 5m,(1 stop),04/09/2019,3
1:00pm,8:25am,"$1,005",Multiple Airlines,29h 25m,(1 stop),04/09/2019,3
1:00pm,9:00am,"$1,005",Multiple Airlines,30h 0m,(1 stop),04/09/2019,3
7:21pm,6:55am,"$1,031",United,21h 34m,(1 stop),04/09/2019,3
6:50pm,6:55am,"$1,031",United,22h 5m,(1 stop),04/09/2019,3
6:25pm,7:00am,"$1,031",United,22h 35m,(1 stop),04/09/2019,3
4:20pm,7:00am,"$1,031",United,24h 40m,(1 stop),04/09/2019,3
12:00pm,7:00am,"$1,031",United,29h 0m,(1 stop),04/09/2019,3
3:14pm,6:55am,"$1,036",United,25h 41m,(2 stops),04/09/2019,3
3:14pm,7:00am,"$1,036",United,25h 46m,(2 stops),04/09/2019,3
2:55pm,6:55am,"$1,036",United,26h 0m,(2 stops),04/09/2019,3
2:50pm,6:55am,"$1,036",United,26h 5m,(2 stops),04/09/2019,3
2:50pm,6:55am,"$1,036",United,26h 5m,(2 stops),04/09/2019,3
6:50pm,6:05am,"$1,043",Multiple Airlines,21h 15m,(1 stop),04/09/2019,3
8:00am,7:00am,"$1,088",United,33h 0m,(1 stop),04/09/2019,3
3:11pm,7:25am,"$1,101",American Airlines,26h 14m,(2 stops),04/09/2019,3
12:03pm,6:35am,"$1,101",Delta,28h 32m,(2 stops),04/09/2019,3
11:55am,6:35am,"$1,101",Delta,28h 40m,(2 stops),04/09/2019,3
11:55am,6:35am,"$1,101",Delta,28h 40m,(2 stops),04/09/2019,3
10:30am,6:35am,"$1,101",Delta,30h 5m,(2 stops),04/09/2019,3
10:30am,6:35am,"$1,101",Delta,30h 5m,(2 stops),04/09/2019,3
10:30am,6:35am,"$1,101",Delta,30h 5m,(2 stops),04/09/2019,3
10:00am,6:35am,"$1,101",Delta,30h 35m,(2 stops),04/09/2019,3
7:56am,7:25am,"$1,101",American Airlines,33h 29m,(2 stops),04/09/2019,3
7:56am,7:25am,"$1,101",American Airlines,33h 29m,(2 stops),04/09/2019,3
8:00am,6:05am,"$1,102",Multiple Airlines,32h 5m,(1 stop),04/09/2019,3
11:55am,6:35am,"$1,119",Delta,28h 40m,(2 stops),04/09/2019,3
10:00am,6:35am,"$1,119",Delta,30h 35m,(2 stops),04/09/2019,3
7:56am,7:25am,"$1,119",American Airlines,33h 29m,(2 stops),04/09/2019,3
7:45am,6:10am,"$1,148",Japan Airlines,32h 25m,(2 stops),04/09/2019,3
6:25pm,7:30am,"$1,210",Virgin Australia,23h 5m,(1 stop),04/09/2019,3
10:30am,6:35am,"$1,233",Delta,30h 5m,(2 stops),04/09/2019,3
4:20pm,6:30am,"$1,237",Multiple Airlines,24h 10m,(1 stop),04/09/2019,3
10:20pm,6:30am,"$1,242",Etihad Airways,42h 10m,(1 stop),04/09/2019,3
12:40pm,6:15am,"$1,278",Korean Air,27h 35m,(1 stop),04/09/2019,3
8:00am,6:30am,"$1,299",Multiple Airlines,32h 30m,(1 stop),04/09/2019,3
5:25pm,8:40am,"$1,364",Air New Zealand,25h 15m,(2 stops),04/09/2019,3
5:25pm,10:40am,"$1,364",Air New Zealand,27h 15m,(2 stops),04/09/2019,3
5:25pm,2:30pm,"$1,397",Air New Zealand,31h 5m,(2 stops),04/09/2019,3
8:15pm,8:20am,"$1,404",Air Canada,22h 5m,(1 stop),04/09/2019,3
6:00pm,8:20am,"$1,404",Air Canada,24h 20m,(1 stop),04/09/2019,3
5:55pm,8:20am,"$1,404",Air Canada,24h 25m,(2 stops),04/09/2019,3
4:00pm,8:20am,"$1,404",Air Canada,26h 20m,(1 stop),04/09/2019,3
12:00pm,8:20am,"$1,404",Air Canada,30h 20m,(1 stop),04/09/2019,3
10:00am,8:20am,"$1,404",Air Canada,32h 20m,(1 stop),04/09/2019,3
7:56am,6:10am,"$1,408",Japan Airlines,32h 14m,(2 stops),04/09/2019,3
1:30am,7:40pm,"$1,571",China Southern Airlines,28h 10m,(1 stop),04/09/2019,3
1:30am,8:25am,"$1,571",China Southern Airlines,40h 55m,(1 stop),04/09/2019,3
10:20pm,5:50pm,"$1,601",Etihad Airways,29h 30m,(1 stop),04/09/2019,3
8:35pm,7:15pm,"$1,682",Singapore Airlines,32h 40m,(2 stops),04/09/2019,3
4:20pm,7:30am,"$1,836",Virgin Australia,25h 10m,(1 stop),04/09/2019,3
4:20pm,8:35am,"$1,850",Virgin Australia,26h 15m,(2 stops),04/09/2019,3
4:20pm,9:10am,"$1,850",Virgin Australia,26h 50m,(2 stops),04/09/2019,3
4:20pm,9:40am,"$1,850",Virgin Australia,27h 20m,(2 stops),04/09/2019,3
9:55am,9:10am,"$2,062",Qantas Airways,33h 15m,(2 stops),04/09/2019,3
9:55am,9:40am,"$2,062",Qantas Airways,33h 45m,(2 stops),04/09/2019,3
9:55am,10:10am,"$2,062",Qantas Airways,34h 15m,(2 stops),04/09/2019,3
11:30pm,8:45am,"$3,152",Philippine Airlines,43h 15m,(1 stop),04/09/2019,3
1:40pm,8:55am,"$5,523",All Nippon Airways,29h 15m,(1 stop),04/09/2019,3
3:30pm,8:50am,$941,Cathay Pacific,27h 20m,(1 stop),04/10/2019,4
1:45am,8:20pm,$941,Cathay Pacific,28h 35m,(1 stop),04/10/2019,4
3:30pm,10:50am,$941,Cathay Pacific,29h 20m,(1 stop),04/10/2019,4
1:45am,6:15am,$941,Cathay Pacific,38h 30m,(1 stop),04/10/2019,4
1:45am,8:50am,$941,Cathay Pacific,41h 5m,(1 stop),04/10/2019,4
1:45am,10:50am,$941,Cathay Pacific,43h 5m,(1 stop),04/10/2019,4
3:30pm,8:20pm,$956,Cathay Pacific,38h 50m,(1 stop),04/10/2019,4
3:30pm,6:15am,$956,Cathay Pacific,48h 45m,(1 stop),04/10/2019,4
7:21pm,6:55am,"$1,031",United,21h 34m,(1 stop),04/10/2019,4
6:50pm,6:55am,"$1,031",United,22h 5m,(1 stop),04/10/2019,4
5:25pm,7:00am,"$1,031",United,23h 35m,(1 stop),04/10/2019,4
4:20pm,6:55am,"$1,031",United,24h 35m,(1 stop),04/10/2019,4
2:05pm,7:00am,"$1,031",United,26h 55m,(1 stop),04/10/2019,4
12:40pm,7:00am,"$1,031",United,28h 20m,(1 stop),04/10/2019,4
9:30am,7:00am,"$1,031",United,31h 30m,(1 stop),04/10/2019,4
7:59am,7:00am,"$1,031",United,33h 1m,(1 stop),04/10/2019,4
4:15pm,7:00am,"$1,036",United,24h 45m,(2 stops),04/10/2019,4
2:55pm,6:55am,"$1,036",United,26h 0m,(2 stops),04/10/2019,4
2:50pm,6:55am,"$1,036",United,26h 5m,(2 stops),04/10/2019,4
2:50pm,6:55am,"$1,036",United,26h 5m,(2 stops),04/10/2019,4
2:55pm,7:00am,"$1,036",United,26h 5m,(2 stops),04/10/2019,4
2:50pm,7:00am,"$1,036",United,26h 10m,(2 stops),04/10/2019,4
2:35pm,7:00am,"$1,036",United,26h 25m,(2 stops),04/10/2019,4
1:51pm,6:55am,"$1,036",United,27h 4m,(2 stops),04/10/2019,4
1:51pm,6:55am,"$1,036",United,27h 4m,(2 stops),04/10/2019,4
1:51pm,6:55am,"$1,036",United,27h 4m,(2 stops),04/10/2019,4
1:51pm,7:00am,"$1,036",United,27h 9m,(2 stops),04/10/2019,4
1:51pm,7:00am,"$1,036",United,27h 9m,(2 stops),04/10/2019,4
12:20pm,7:00am,"$1,036",United,28h 40m,(2 stops),04/10/2019,4
11:16am,6:55am,"$1,036",United,29h 39m,(2 stops),04/10/2019,4
11:16am,6:55am,"$1,036",United,29h 39m,(2 stops),04/10/2019,4
11:16am,6:55am,"$1,036",United,29h 39m,(2 stops),04/10/2019,4
9:46am,6:55am,"$1,036",United,31h 9m,(2 stops),04/10/2019,4
9:46am,6:55am,"$1,036",United,31h 9m,(2 stops),04/10/2019,4
8:16am,6:55am,"$1,036",United,32h 39m,(2 stops),04/10/2019,4
8:16am,6:55am,"$1,036",United,32h 39m,(2 stops),04/10/2019,4
12:03pm,6:35am,"$1,101",Delta,28h 32m,(2 stops),04/10/2019,4
11:45am,7:25am,"$1,101",American Airlines,29h 40m,(2 stops),04/10/2019,4
8:15am,6:10am,"$1,102",Japan Airlines,31h 55m,(2 stops),04/10/2019,4
10:59am,7:25am,"$1,119",American Airlines,30h 26m,(2 stops),04/10/2019,4
2:30pm,5:20pm,"$1,122",Emirates,36h 50m,(1 stop),04/10/2019,4
4:20pm,6:30am,"$1,126",Multiple Airlines,24h 10m,(1 stop),04/10/2019,4
4:25pm,12:35pm,"$1,149",China Eastern Airlines,30h 10m,(1 stop),04/10/2019,4
7:00pm,10:45am,"$1,166",China Airlines,49h 45m,(2 stops),04/10/2019,4
3:11pm,7:25am,"$1,215",American Airlines,26h 14m,(2 stops),04/10/2019,4
1:00pm,7:25am,"$1,215",American Airlines,28h 25m,(2 stops),04/10/2019,4
1:00pm,7:25am,"$1,215",American Airlines,28h 25m,(2 stops),04/10/2019,4
11:45am,7:25am,"$1,215",American Airlines,29h 40m,(2 stops),04/10/2019,4
6:50pm,6:05am,"$1,237",Multiple Airlines,21h 15m,(1 stop),04/10/2019,4
6:40pm,6:25am,"$1,237",Multiple Airlines,21h 45m,(1 stop),04/10/2019,4
11:50am,6:25am,"$1,237",Multiple Airlines,28h 35m,(1 stop),04/10/2019,4
11:50am,6:25am,"$1,249",Qantas Airways,28h 35m,(1 stop),04/10/2019,4
11:16am,10:40am,"$1,364",Air New Zealand,33h 24m,(2 stops),04/10/2019,4
1:00pm,8:25am,"$1,391",Multiple Airlines,29h 25m,(1 stop),04/10/2019,4
1:00pm,9:00am,"$1,391",Multiple Airlines,30h 0m,(1 stop),04/10/2019,4
8:15pm,8:20am,"$1,404",Air Canada,22h 5m,(1 stop),04/10/2019,4
6:00pm,8:20am,"$1,404",Air Canada,24h 20m,(1 stop),04/10/2019,4
5:55pm,8:20am,"$1,404",Air Canada,24h 25m,(2 stops),04/10/2019,4
4:50pm,8:20am,"$1,404",Air Canada,25h 30m,(2 stops),04/10/2019,4
4:00pm,8:20am,"$1,404",Air Canada,26h 20m,(1 stop),04/10/2019,4
1:30am,7:40pm,"$1,571",China Southern Airlines,28h 10m,(1 stop),04/10/2019,4
1:30am,8:25am,"$1,571",China Southern Airlines,40h 55m,(1 stop),04/10/2019,4
8:35pm,7:15pm,"$1,682",Singapore Airlines,32h 40m,(2 stops),04/10/2019,4
3:30pm,6:35am,"$1,841",Delta,25h 5m,(2 stops),04/10/2019,4
1:55pm,6:35am,"$1,841",Delta,26h 40m,(2 stops),04/10/2019,4
11:55am,6:35am,"$1,841",Delta,28h 40m,(2 stops),04/10/2019,4
11:55am,6:35am,"$1,841",Delta,28h 40m,(2 stops),04/10/2019,4
10:30am,6:35am,"$1,841",Delta,30h 5m,(2 stops),04/10/2019,4
4:20pm,8:35am,"$1,850",Virgin Australia,26h 15m,(2 stops),04/10/2019,4
4:20pm,9:10am,"$1,850",Virgin Australia,26h 50m,(2 stops),04/10/2019,4
4:20pm,9:40am,"$1,850",Virgin Australia,27h 20m,(2 stops),04/10/2019,4
4:20pm,10:35am,"$1,850",Virgin Australia,28h 15m,(2 stops),04/10/2019,4
4:20pm,11:40am,"$1,850",Virgin Australia,29h 20m,(2 stops),04/10/2019,4
4:20pm,12:40pm,"$1,850",Virgin Australia,30h 20m,(2 stops),04/10/2019,4
12:00pm,8:35am,"$1,850",Virgin Australia,30h 35m,(2 stops),04/10/2019,4
9:55am,8:10am,"$2,062",Qantas Airways,32h 15m,(2 stops),04/10/2019,4
1:45pm,7:15am,"$2,280",Asiana Airlines,27h 30m,(1 stop),04/10/2019,4
5:55pm,5:50pm,"$2,781",Etihad Airways,33h 55m,(2 stops),04/10/2019,4
12:40pm,7:15am,"$2,874",Multiple Airlines,28h 35m,(1 stop),04/10/2019,4
1:40pm,8:55am,"$5,523",All Nippon Airways,29h 15m,(1 stop),04/10/2019,4
4:25pm,7:40am,$677,China Eastern Airlines,73h 15m,(2 stops),04/11/2019,5
1:45am,8:20pm,$941,Cathay Pacific,28h 35m,(1 stop),04/11/2019,5
1:45am,6:15am,$941,Cathay Pacific,38h 30m,(1 stop),04/11/2019,5
1:45am,10:50am,$941,Cathay Pacific,43h 5m,(1 stop),04/11/2019,5
1:00pm,8:25am,"$1,020",Multiple Airlines,29h 25m,(1 stop),04/11/2019,5
1:00pm,9:00am,"$1,020",Multiple Airlines,30h 0m,(1 stop),04/11/2019,5
7:21pm,6:55am,"$1,031",United,21h 34m,(1 stop),04/11/2019,5
6:25pm,7:00am,"$1,031",United,22h 35m,(1 stop),04/11/2019,5
4:20pm,7:00am,"$1,031",United,24h 40m,(1 stop),04/11/2019,5
12:00pm,7:00am,"$1,031",United,29h 0m,(1 stop),04/11/2019,5
3:14pm,7:00am,"$1,036",United,25h 46m,(2 stops),04/11/2019,5
2:55pm,6:55am,"$1,036",United,26h 0m,(2 stops),04/11/2019,5
2:50pm,6:55am,"$1,036",United,26h 5m,(2 stops),04/11/2019,5
2:50pm,6:55am,"$1,036",United,26h 5m,(2 stops),04/11/2019,5
2:50pm,7:00am,"$1,036",United,26h 10m,(2 stops),04/11/2019,5
1:51pm,6:55am,"$1,036",United,27h 4m,(2 stops),04/11/2019,5
1:51pm,6:55am,"$1,036",United,27h 4m,(2 stops),04/11/2019,5
1:51pm,6:55am,"$1,036",United,27h 4m,(2 stops),04/11/2019,5
1:51pm,7:00am,"$1,036",United,27h 9m,(2 stops),04/11/2019,5
12:20pm,6:55am,"$1,036",United,28h 35m,(2 stops),04/11/2019,5
12:20pm,6:55am,"$1,036",United,28h 35m,(2 stops),04/11/2019,5
12:20pm,6:55am,"$1,036",United,28h 35m,(2 stops),04/11/2019,5
10:20pm,6:30am,"$1,041",Etihad Airways,42h 10m,(1 stop),04/11/2019,5
3:38pm,6:35am,"$1,101",Delta,24h 57m,(2 stops),04/11/2019,5
1:55pm,6:35am,"$1,101",Delta,26h 40m,(2 stops),04/11/2019,5
1:00pm,7:25am,"$1,101",American Airlines,28h 25m,(2 stops),04/11/2019,5
1:00pm,7:25am,"$1,101",American Airlines,28h 25m,(2 stops),04/11/2019,5
12:03pm,6:35am,"$1,101",Delta,28h 32m,(2 stops),04/11/2019,5
11:50am,6:35am,"$1,101",Delta,28h 45m,(2 stops),04/11/2019,5
11:50am,6:35am,"$1,101",Delta,28h 45m,(2 stops),04/11/2019,5
11:45am,7:25am,"$1,101",American Airlines,29h 40m,(2 stops),04/11/2019,5
11:45am,7:25am,"$1,101",American Airlines,29h 40m,(2 stops),04/11/2019,5
10:30am,6:35am,"$1,101",Delta,30h 5m,(2 stops),04/11/2019,5
10:00am,6:35am,"$1,101",Delta,30h 35m,(2 stops),04/11/2019,5
8:15am,7:25am,"$1,101",American Airlines,33h 10m,(2 stops),04/11/2019,5
8:15am,6:10am,"$1,102",Japan Airlines,31h 55m,(2 stops),04/11/2019,5
6:25pm,7:30am,"$1,106",Multiple Airlines,23h 5m,(1 stop),04/11/2019,5
4:20pm,7:30am,"$1,106",Multiple Airlines,25h 10m,(1 stop),04/11/2019,5
12:03pm,6:35am,"$1,119",Delta,28h 32m,(2 stops),04/11/2019,5
11:45am,7:25am,"$1,119",American Airlines,29h 40m,(2 stops),04/11/2019,5
10:00am,6:35am,"$1,119",Delta,30h 35m,(2 stops),04/11/2019,5
10:00am,6:35am,"$1,119",Delta,30h 35m,(2 stops),04/11/2019,5
6:25pm,7:30am,"$1,210",Virgin Australia,23h 5m,(1 stop),04/11/2019,5
11:50am,6:35am,"$1,215",Delta,28h 45m,(2 stops),04/11/2019,5
6:50pm,6:05am,"$1,237",Multiple Airlines,21h 15m,(1 stop),04/11/2019,5
4:20pm,6:30am,"$1,237",Multiple Airlines,24h 10m,(1 stop),04/11/2019,5
5:25pm,8:40am,"$1,267",Air New Zealand,25h 15m,(2 stops),04/11/2019,5
12:40pm,6:15am,"$1,278",Korean Air,27h 35m,(1 stop),04/11/2019,5
8:00am,6:30am,"$1,299",Multiple Airlines,32h 30m,(1 stop),04/11/2019,5
8:00am,6:05am,"$1,299",Multiple Airlines,32h 5m,(1 stop),04/11/2019,5
11:30pm,8:45am,"$1,382",Philippine Airlines,43h 15m,(1 stop),04/11/2019,5
8:15pm,8:20am,"$1,404",Air Canada,22h 5m,(1 stop),04/11/2019,5
6:55pm,8:20am,"$1,404",Air Canada,23h 25m,(1 stop),04/11/2019,5
5:55pm,8:20am,"$1,404",Air Canada,24h 25m,(2 stops),04/11/2019,5
4:50pm,8:20am,"$1,404",Air Canada,25h 30m,(2 stops),04/11/2019,5
4:00pm,8:20am,"$1,404",Air Canada,26h 20m,(1 stop),04/11/2019,5
12:00pm,8:20am,"$1,404",Air Canada,30h 20m,(1 stop),04/11/2019,5
10:15am,8:20am,"$1,404",Air Canada,32h 5m,(1 stop),04/11/2019,5
1:30am,7:40pm,"$1,572",China Southern Airlines,28h 10m,(1 stop),04/11/2019,5
10:20pm,5:50pm,"$1,606",Etihad Airways,29h 30m,(1 stop),04/11/2019,5
10:15pm,10:45am,"$1,633",China Airlines,46h 30m,(2 stops),04/11/2019,5
8:35pm,8:10pm,"$1,682",Singapore Airlines,33h 35m,(2 stops),04/11/2019,5
4:20pm,7:30am,"$1,836",Virgin Australia,25h 10m,(1 stop),04/11/2019,5
4:20pm,9:10am,"$1,850",Virgin Australia,26h 50m,(2 stops),04/11/2019,5
1:40pm,8:55am,"$5,523",All Nippon Airways,29h 15m,(1 stop),04/11/2019,5
11:50am,6:25am,"$9,388",Qantas Airways,28h 35m,(1 stop),04/11/2019,5
4:25pm,7:40am,$821,China Eastern Airlines,49h 15m,(3 stops),04/14/2019,8
4:25pm,7:40am,$821,China Eastern Airlines,49h 15m,(3 stops),04/14/2019,8
4:25pm,7:40am,$834,China Eastern Airlines,73h 15m,(2 stops),04/14/2019,8
4:25pm,8:30am,$926,China Eastern Airlines,74h 5m,(3 stops),04/14/2019,8
10:20pm,5:50pm,$935,Etihad Airways,29h 30m,(1 stop),04/14/2019,8
10:20pm,6:30am,$935,Etihad Airways,42h 10m,(1 stop),04/14/2019,8
3:30pm,8:50am,$956,Cathay Pacific,27h 20m,(1 stop),04/14/2019,8
1:45am,8:20pm,$956,Cathay Pacific,28h 35m,(1 stop),04/14/2019,8
3:30pm,10:50am,$956,Cathay Pacific,29h 20m,(1 stop),04/14/2019,8
1:45am,6:15am,$956,Cathay Pacific,38h 30m,(1 stop),04/14/2019,8
1:45am,8:50am,$956,Cathay Pacific,41h 5m,(1 stop),04/14/2019,8
1:45am,10:50am,$956,Cathay Pacific,43h 5m,(1 stop),04/14/2019,8
3:30pm,8:20pm,$971,Cathay Pacific,38h 50m,(1 stop),04/14/2019,8
3:30pm,6:15am,$971,Cathay Pacific,48h 45m,(1 stop),04/14/2019,8
6:35pm,6:25am,"$1,043",Multiple Airlines,21h 50m,(1 stop),04/14/2019,8
11:50am,6:25am,"$1,043",Multiple Airlines,28h 35m,(1 stop),04/14/2019,8
9:55am,6:30am,"$1,043",Multiple Airlines,30h 35m,(1 stop),04/14/2019,8
7:21pm,6:55am,"$1,062",United,21h 34m,(1 stop),04/14/2019,8
5:25pm,7:00am,"$1,062",United,23h 35m,(1 stop),04/14/2019,8
2:05pm,7:00am,"$1,062",United,26h 55m,(1 stop),04/14/2019,8
12:40pm,7:00am,"$1,062",United,28h 20m,(1 stop),04/14/2019,8
9:00am,7:00am,"$1,062",United,32h 0m,(1 stop),04/14/2019,8
7:59am,7:00am,"$1,062",United,33h 1m,(1 stop),04/14/2019,8
6:25pm,7:30am,"$1,065",Virgin Australia,23h 5m,(1 stop),04/14/2019,8
4:50pm,7:00am,"$1,067",United,24h 10m,(2 stops),04/14/2019,8
4:15pm,6:55am,"$1,067",United,24h 40m,(2 stops),04/14/2019,8
4:15pm,7:00am,"$1,067",United,24h 45m,(2 stops),04/14/2019,8
2:55pm,6:55am,"$1,067",United,26h 0m,(2 stops),04/14/2019,8
2:55pm,7:00am,"$1,067",United,26h 5m,(2 stops),04/14/2019,8
2:35pm,7:00am,"$1,067",United,26h 25m,(2 stops),04/14/2019,8
1:51pm,6:55am,"$1,067",United,27h 4m,(2 stops),04/14/2019,8
1:51pm,6:55am,"$1,067",United,27h 4m,(2 stops),04/14/2019,8
3:38pm,6:35am,"$1,070",Delta,24h 57m,(2 stops),04/14/2019,8
3:30pm,6:35am,"$1,070",Delta,25h 5m,(2 stops),04/14/2019,8
3:11pm,7:25am,"$1,070",American Airlines,26h 14m,(2 stops),04/14/2019,8
1:55pm,6:35am,"$1,070",Delta,26h 40m,(2 stops),04/14/2019,8
1:00pm,7:25am,"$1,070",American Airlines,28h 25m,(2 stops),04/14/2019,8
1:00pm,7:25am,"$1,070",American Airlines,28h 25m,(2 stops),04/14/2019,8
12:03pm,6:35am,"$1,070",Delta,28h 32m,(2 stops),04/14/2019,8
11:55am,6:35am,"$1,070",Delta,28h 40m,(2 stops),04/14/2019,8
11:55am,6:35am,"$1,070",Delta,28h 40m,(2 stops),04/14/2019,8
11:55am,6:35am,"$1,070",Delta,28h 40m,(2 stops),04/14/2019,8
11:45am,7:25am,"$1,070",American Airlines,29h 40m,(2 stops),04/14/2019,8
11:45am,7:25am,"$1,070",American Airlines,29h 40m,(2 stops),04/14/2019,8
10:30am,6:35am,"$1,070",Delta,30h 5m,(2 stops),04/14/2019,8
10:30am,6:35am,"$1,070",Delta,30h 5m,(2 stops),04/14/2019,8
10:00am,6:35am,"$1,070",Delta,30h 35m,(2 stops),04/14/2019,8
8:15am,7:25am,"$1,070",American Airlines,33h 10m,(2 stops),04/14/2019,8
8:15am,7:25am,"$1,070",American Airlines,33h 10m,(2 stops),04/14/2019,8
12:03pm,6:35am,"$1,088",Delta,28h 32m,(2 stops),04/14/2019,8
11:55am,6:35am,"$1,088",Delta,28h 40m,(2 stops),04/14/2019,8
10:30am,6:35am,"$1,088",Delta,30h 5m,(2 stops),04/14/2019,8
7:00am,6:25am,"$1,094",Multiple Airlines,33h 25m,(1 stop),04/14/2019,8
5:25pm,8:40am,"$1,097",Air New Zealand,25h 15m,(2 stops),04/14/2019,8
5:25pm,10:40am,"$1,097",Air New Zealand,27h 15m,(2 stops),04/14/2019,8
7:59am,8:40am,"$1,097",Air New Zealand,34h 41m,(2 stops),04/14/2019,8
8:15am,6:10am,"$1,117",Japan Airlines,31h 55m,(2 stops),04/14/2019,8
1:00pm,9:00am,"$1,118",Multiple Airlines,30h 0m,(1 stop),04/14/2019,8
1:30am,7:40pm,"$1,130",China Southern Airlines,28h 10m,(1 stop),04/14/2019,8
5:25pm,5:55pm,"$1,130",Air New Zealand,34h 30m,(2 stops),04/14/2019,8
6:25pm,7:30am,"$1,152",Multiple Airlines,23h 5m,(1 stop),04/14/2019,8
2:30pm,10:05pm,"$1,167",Emirates,41h 35m,(1 stop),04/14/2019,8
11:50am,6:25am,"$1,180",Qantas Airways,28h 35m,(1 stop),04/14/2019,8
9:55am,6:30am,"$1,180",Qantas Airways,30h 35m,(1 stop),04/14/2019,8
11:30pm,8:45am,"$1,382",Philippine Airlines,43h 15m,(1 stop),04/14/2019,8
10:30pm,8:20am,"$1,429",Air Canada,43h 50m,(1 stop),04/14/2019,8
8:15pm,8:20am,"$1,437",Air Canada,22h 5m,(1 stop),04/14/2019,8
6:00pm,8:20am,"$1,437",Air Canada,24h 20m,(1 stop),04/14/2019,8
4:00pm,8:20am,"$1,437",Air Canada,26h 20m,(1 stop),04/14/2019,8
12:00pm,8:20am,"$1,437",Air Canada,30h 20m,(1 stop),04/14/2019,8
8:35pm,7:15pm,"$1,481",Singapore Airlines,32h 40m,(2 stops),04/14/2019,8
12:40pm,6:15am,"$1,561",Korean Air,27h 35m,(1 stop),04/14/2019,8
10:15pm,6:55pm,"$1,606",China Airlines,30h 40m,(2 stops),04/14/2019,8
4:20pm,7:30am,"$1,925",Virgin Australia,25h 10m,(1 stop),04/14/2019,8
12:00pm,7:30am,"$1,925",Virgin Australia,29h 30m,(1 stop),04/14/2019,8
4:20pm,8:35am,"$1,939",Virgin Australia,26h 15m,(2 stops),04/14/2019,8
4:20pm,9:10am,"$1,939",Virgin Australia,26h 50m,(2 stops),04/14/2019,8
1:45pm,7:30am,"$2,147",Asiana Airlines,27h 45m,(1 stop),04/14/2019,8
1:40pm,8:55am,"$5,746",All Nippon Airways,29h 15m,(1 stop),04/14/2019,8
10:15pm,10:45am,$901,China Airlines,46h 30m,(2 stops),04/15/2019,9
1:45am,8:20pm,$941,Cathay Pacific,28h 35m,(1 stop),04/15/2019,9
1:45am,6:15am,$941,Cathay Pacific,38h 30m,(1 stop),04/15/2019,9
1:45am,8:50am,$941,Cathay Pacific,41h 5m,(1 stop),04/15/2019,9
1:45am,10:50am,$941,Cathay Pacific,43h 5m,(1 stop),04/15/2019,9
4:25pm,12:35pm,$972,China Eastern Airlines,30h 10m,(1 stop),04/15/2019,9
6:25pm,7:30am,"$1,021",Virgin Australia,23h 5m,(1 stop),04/15/2019,9
5:40pm,7:30am,"$1,026",Delta,23h 50m,(2 stops),04/15/2019,9
3:11pm,7:25am,"$1,026",American Airlines,26h 14m,(2 stops),04/15/2019,9
1:00pm,7:25am,"$1,026",American Airlines,28h 25m,(2 stops),04/15/2019,9
1:00pm,7:25am,"$1,026",American Airlines,28h 25m,(2 stops),04/15/2019,9
11:55am,6:35am,"$1,026",Delta,28h 40m,(2 stops),04/15/2019,9
11:55am,6:35am,"$1,026",Delta,28h 40m,(2 stops),04/15/2019,9
11:55am,7:30am,"$1,026",Delta,29h 35m,(2 stops),04/15/2019,9
11:45am,7:25am,"$1,026",American Airlines,29h 40m,(2 stops),04/15/2019,9
11:45am,7:25am,"$1,026",American Airlines,29h 40m,(2 stops),04/15/2019,9
10:30am,6:35am,"$1,026",Delta,30h 5m,(2 stops),04/15/2019,9
10:30am,7:30am,"$1,026",Delta,31h 0m,(2 stops),04/15/2019,9
8:15am,7:25am,"$1,026",American Airlines,33h 10m,(2 stops),04/15/2019,9
8:15am,7:25am,"$1,026",American Airlines,33h 10m,(2 stops),04/15/2019,9
6:25pm,7:30am,"$1,030",Multiple Airlines,23h 5m,(1 stop),04/15/2019,9
4:20pm,7:30am,"$1,030",Multiple Airlines,25h 10m,(1 stop),04/15/2019,9
7:21pm,6:55am,"$1,031",United,21h 34m,(1 stop),04/15/2019,9
6:50pm,6:55am,"$1,031",United,22h 5m,(1 stop),04/15/2019,9
5:25pm,7:00am,"$1,031",United,23h 35m,(1 stop),04/15/2019,9
4:20pm,6:55am,"$1,031",United,24h 35m,(1 stop),04/15/2019,9
2:05pm,7:00am,"$1,031",United,26h 55m,(1 stop),04/15/2019,9
12:40pm,7:00am,"$1,031",United,28h 20m,(1 stop),04/15/2019,9
9:30am,7:00am,"$1,031",United,31h 30m,(1 stop),04/15/2019,9
7:59am,7:00am,"$1,031",United,33h 1m,(1 stop),04/15/2019,9
4:50pm,7:00am,"$1,036",United,24h 10m,(2 stops),04/15/2019,9
4:15pm,7:00am,"$1,036",United,24h 45m,(2 stops),04/15/2019,9
3:14pm,6:55am,"$1,036",United,25h 41m,(2 stops),04/15/2019,9
2:55pm,6:55am,"$1,036",United,26h 0m,(2 stops),04/15/2019,9
2:50pm,6:55am,"$1,036",United,26h 5m,(2 stops),04/15/2019,9
2:50pm,6:55am,"$1,036",United,26h 5m,(2 stops),04/15/2019,9
2:50pm,7:00am,"$1,036",United,26h 10m,(2 stops),04/15/2019,9
1:51pm,6:55am,"$1,036",United,27h 4m,(2 stops),04/15/2019,9
1:51pm,6:55am,"$1,036",United,27h 4m,(2 stops),04/15/2019,9
1:51pm,6:55am,"$1,036",United,27h 4m,(2 stops),04/15/2019,9
1:51pm,7:00am,"$1,036",United,27h 9m,(2 stops),04/15/2019,9
1:51pm,7:00am,"$1,036",United,27h 9m,(2 stops),04/15/2019,9
12:20pm,6:55am,"$1,036",United,28h 35m,(2 stops),04/15/2019,9
1:55pm,7:30am,"$1,044",Delta,27h 35m,(2 stops),04/15/2019,9
10:30am,6:35am,"$1,044",Delta,30h 5m,(2 stops),04/15/2019,9
5:25pm,8:40am,"$1,048",Air New Zealand,25h 15m,(2 stops),04/15/2019,9
3:30pm,6:35am,"$1,101",Delta,25h 5m,(2 stops),04/15/2019,9
1:55pm,6:35am,"$1,101",Delta,26h 40m,(2 stops),04/15/2019,9
12:03pm,6:35am,"$1,101",Delta,28h 32m,(2 stops),04/15/2019,9
11:55am,6:35am,"$1,101",Delta,28h 40m,(2 stops),04/15/2019,9
12:03pm,7:30am,"$1,101",Delta,29h 27m,(2 stops),04/15/2019,9
10:30am,6:35am,"$1,101",Delta,30h 5m,(2 stops),04/15/2019,9
8:15am,6:10am,"$1,102",Japan Airlines,31h 55m,(2 stops),04/15/2019,9
2:30pm,10:05pm,"$1,122",Emirates,41h 35m,(1 stop),04/15/2019,9
2:30pm,6:05am,"$1,122",Emirates,49h 35m,(1 stop),04/15/2019,9
6:50pm,6:05am,"$1,126",Multiple Airlines,21h 15m,(1 stop),04/15/2019,9
4:20pm,6:30am,"$1,126",Multiple Airlines,24h 10m,(1 stop),04/15/2019,9
12:00pm,6:30am,"$1,126",Multiple Airlines,28h 30m,(1 stop),04/15/2019,9
9:55am,6:30am,"$1,126",Multiple Airlines,30h 35m,(1 stop),04/15/2019,9
1:30am,7:40pm,"$1,130",China Southern Airlines,28h 10m,(1 stop),04/15/2019,9
1:30am,8:25am,"$1,130",China Southern Airlines,40h 55m,(1 stop),04/15/2019,9
9:55am,6:30am,"$1,136",Qantas Airways,30h 35m,(1 stop),04/15/2019,9
9:55am,8:10am,"$1,146",Qantas Airways,32h 15m,(2 stops),04/15/2019,9
9:55am,8:40am,"$1,146",Qantas Airways,32h 45m,(2 stops),04/15/2019,9
12:00pm,7:30am,"$1,210",Virgin Australia,29h 30m,(1 stop),04/15/2019,9
12:00pm,8:35am,"$1,224",Virgin Australia,30h 35m,(2 stops),04/15/2019,9
12:00pm,9:10am,"$1,224",Virgin Australia,31h 10m,(2 stops),04/15/2019,9
12:00pm,9:40am,"$1,224",Virgin Australia,31h 40m,(2 stops),04/15/2019,9
5:55pm,5:50pm,"$1,353",Etihad Airways,33h 55m,(2 stops),04/15/2019,9
11:30pm,9:00pm,"$1,382",Philippine Airlines,31h 30m,(1 stop),04/15/2019,9
8:15pm,8:20am,"$1,404",Air Canada,22h 5m,(1 stop),04/15/2019,9
6:00pm,8:20am,"$1,404",Air Canada,24h 20m,(1 stop),04/15/2019,9
4:00pm,8:20am,"$1,404",Air Canada,26h 20m,(1 stop),04/15/2019,9
12:00pm,8:20am,"$1,404",Air Canada,30h 20m,(1 stop),04/15/2019,9
10:00am,8:20am,"$1,404",Air Canada,32h 20m,(1 stop),04/15/2019,9
8:35pm,7:15pm,"$1,481",Singapore Airlines,32h 40m,(2 stops),04/15/2019,9
12:40pm,6:15am,"$1,561",Korean Air,27h 35m,(1 stop),04/15/2019,9
1:45pm,7:15am,"$2,147",Asiana Airlines,27h 30m,(1 stop),04/15/2019,9
2:45pm,2:50pm,"$2,576",Air China,34h 5m,(1 stop),04/15/2019,9
1:40pm,8:55am,"$5,523",All Nippon Airways,29h 15m,(1 stop),04/15/2019,9
10:20pm,6:30am,$937,Etihad Airways,49h 15m,(3 stops),04/16/2019,10
1:45am,8:20pm,$943,Cathay Pacific,49h 15m,(3 stops),04/16/2019,10
1:45am,6:15am,$943,Cathay Pacific,42h 10m,(1 stop),04/16/2019,10
1:45am,8:50am,$943,Cathay Pacific,73h 15m,(2 stops),04/16/2019,10
1:45am,10:50am,$943,Cathay Pacific,28h 35m,(1 stop),04/16/2019,10
11:45am,7:25am,"$1,028",American Airlines,38h 30m,(1 stop),04/16/2019,10
11:45am,7:25am,"$1,028",American Airlines,41h 5m,(1 stop),04/16/2019,10
10:30am,6:35am,"$1,028",Delta,43h 5m,(1 stop),04/16/2019,10
7:56am,7:25am,"$1,028",American Airlines,26h 14m,(2 stops),04/16/2019,10
7:56am,7:25am,"$1,028",American Airlines,26h 40m,(2 stops),04/16/2019,10
7:21pm,6:55am,"$1,034",United,28h 25m,(2 stops),04/16/2019,10
6:50pm,6:55am,"$1,034",United,28h 32m,(2 stops),04/16/2019,10
6:25pm,7:00am,"$1,034",United,28h 40m,(2 stops),04/16/2019,10
4:20pm,6:55am,"$1,034",United,29h 40m,(2 stops),04/16/2019,10
4:20pm,7:00am,"$1,034",United,29h 40m,(2 stops),04/16/2019,10
12:00pm,7:00am,"$1,034",United,30h 5m,(2 stops),04/16/2019,10
3:14pm,6:55am,"$1,039",United,30h 5m,(2 stops),04/16/2019,10
2:55pm,6:55am,"$1,039",United,30h 5m,(2 stops),04/16/2019,10
2:50pm,6:55am,"$1,039",United,30h 35m,(2 stops),04/16/2019,10
2:50pm,6:55am,"$1,039",United,33h 29m,(2 stops),04/16/2019,10
2:50pm,7:00am,"$1,039",United,33h 29m,(2 stops),04/16/2019,10
1:51pm,6:55am,"$1,039",United,21h 34m,(1 stop),04/16/2019,10
1:51pm,6:55am,"$1,039",United,22h 5m,(1 stop),04/16/2019,10
1:51pm,6:55am,"$1,039",United,22h 35m,(1 stop),04/16/2019,10
1:51pm,7:00am,"$1,039",United,24h 35m,(1 stop),04/16/2019,10
1:51pm,7:00am,"$1,039",United,24h 40m,(1 stop),04/16/2019,10
12:20pm,6:55am,"$1,039",United,29h 0m,(1 stop),04/16/2019,10
12:20pm,7:00am,"$1,039",United,24h 40m,(2 stops),04/16/2019,10
11:45am,7:25am,"$1,046",American Airlines,24h 45m,(2 stops),04/16/2019,10
10:59am,7:25am,"$1,046",American Airlines,25h 41m,(2 stops),04/16/2019,10
7:56am,7:25am,"$1,046",American Airlines,25h 46m,(2 stops),04/16/2019,10
7:56am,7:25am,"$1,046",American Airlines,26h 0m,(2 stops),04/16/2019,10
7:56am,7:25am,"$1,046",American Airlines,26h 5m,(2 stops),04/16/2019,10
5:25pm,8:40am,"$1,050",Air New Zealand,26h 5m,(2 stops),04/16/2019,10
5:25pm,10:40am,"$1,050",Air New Zealand,26h 10m,(2 stops),04/16/2019,10
1:45am,8:20pm,$941,Cathay Pacific,28h 35m,(1 stop),04/17/2019,11
1:45am,6:15am,$941,Cathay Pacific,38h 30m,(1 stop),04/17/2019,11
3:30pm,8:20pm,$956,Cathay Pacific,38h 50m,(1 stop),04/17/2019,11
3:30pm,6:15am,$956,Cathay Pacific,48h 45m,(1 stop),04/17/2019,11
11:45am,7:25am,"$1,026",American Airlines,29h 40m,(2 stops),04/17/2019,11
11:45am,7:25am,"$1,026",American Airlines,29h 40m,(2 stops),04/17/2019,11
8:15am,7:25am,"$1,026",American Airlines,33h 10m,(2 stops),04/17/2019,11
8:15am,7:25am,"$1,026",American Airlines,33h 10m,(2 stops),04/17/2019,11
6:25pm,7:30am,"$1,030",Multiple Airlines,23h 5m,(1 stop),04/17/2019,11
7:21pm,6:55am,"$1,031",United,21h 34m,(1 stop),04/17/2019,11
5:25pm,7:00am,"$1,031",United,23h 35m,(1 stop),04/17/2019,11
2:05pm,7:00am,"$1,031",United,26h 55m,(1 stop),04/17/2019,11
12:40pm,7:00am,"$1,031",United,28h 20m,(1 stop),04/17/2019,11
9:30am,7:00am,"$1,031",United,31h 30m,(1 stop),04/17/2019,11
7:59am,7:00am,"$1,031",United,33h 1m,(1 stop),04/17/2019,11
4:50pm,7:00am,"$1,036",United,24h 10m,(2 stops),04/17/2019,11
2:55pm,6:55am,"$1,036",United,26h 0m,(2 stops),04/17/2019,11
2:50pm,6:55am,"$1,036",United,26h 5m,(2 stops),04/17/2019,11
2:50pm,6:55am,"$1,036",United,26h 5m,(2 stops),04/17/2019,11
2:55pm,7:00am,"$1,036",United,26h 5m,(2 stops),04/17/2019,11
2:50pm,7:00am,"$1,036",United,26h 10m,(2 stops),04/17/2019,11
1:51pm,6:55am,"$1,036",United,27h 4m,(2 stops),04/17/2019,11
1:51pm,6:55am,"$1,036",United,27h 4m,(2 stops),04/17/2019,11
1:51pm,6:55am,"$1,036",United,27h 4m,(2 stops),04/17/2019,11
1:51pm,7:00am,"$1,036",United,27h 9m,(2 stops),04/17/2019,11
1:51pm,7:00am,"$1,036",United,27h 9m,(2 stops),04/17/2019,11
1:25pm,7:00am,"$1,036",United,27h 35m,(2 stops),04/17/2019,11
12:20pm,6:55am,"$1,036",United,28h 35m,(2 stops),04/17/2019,11
12:20pm,6:55am,"$1,036",United,28h 35m,(2 stops),04/17/2019,11
12:20pm,6:55am,"$1,036",United,28h 35m,(2 stops),04/17/2019,11
10:21am,7:00am,"$1,036",United,30h 39m,(2 stops),04/17/2019,11
9:46am,6:55am,"$1,036",United,31h 9m,(2 stops),04/17/2019,11
8:55am,7:00am,"$1,036",United,32h 5m,(2 stops),04/17/2019,11
8:16am,6:55am,"$1,036",United,32h 39m,(2 stops),04/17/2019,11
7:35am,7:00am,"$1,036",United,33h 25m,(2 stops),04/17/2019,11
11:45am,7:25am,"$1,044",American Airlines,29h 40m,(2 stops),04/17/2019,11
8:15am,7:25am,"$1,044",American Airlines,33h 10m,(2 stops),04/17/2019,11
8:15am,7:25am,"$1,044",American Airlines,33h 10m,(2 stops),04/17/2019,11
6:25pm,7:30am,"$1,096",Virgin Australia,23h 5m,(1 stop),04/17/2019,11
8:15am,6:10am,"$1,102",Japan Airlines,31h 55m,(2 stops),04/17/2019,11
4:20pm,7:30am,"$1,106",Multiple Airlines,25h 10m,(1 stop),04/17/2019,11
2:30pm,10:05pm,"$1,122",Emirates,41h 35m,(1 stop),04/17/2019,11
2:30pm,6:05am,"$1,122",Emirates,49h 35m,(1 stop),04/17/2019,11
1:30am,7:40pm,"$1,130",China Southern Airlines,28h 10m,(1 stop),04/17/2019,11
6:50pm,6:05am,"$1,237",Multiple Airlines,21h 15m,(1 stop),04/17/2019,11
4:20pm,6:05am,"$1,237",Multiple Airlines,23h 45m,(1 stop),04/17/2019,11
4:20pm,6:30am,"$1,237",Multiple Airlines,24h 10m,(1 stop),04/17/2019,11
12:00pm,6:30am,"$1,237",Multiple Airlines,28h 30m,(1 stop),04/17/2019,11
7:00pm,10:45am,"$1,373",China Airlines,49h 45m,(2 stops),04/17/2019,11
11:30pm,8:45am,"$1,382",Philippine Airlines,43h 15m,(1 stop),04/17/2019,11
8:15pm,8:20am,"$1,404",Air Canada,22h 5m,(1 stop),04/17/2019,11
6:00pm,8:20am,"$1,404",Air Canada,24h 20m,(1 stop),04/17/2019,11
4:00pm,8:20am,"$1,404",Air Canada,26h 20m,(1 stop),04/17/2019,11
12:00pm,8:20am,"$1,404",Air Canada,30h 20m,(1 stop),04/17/2019,11
10:00am,8:20am,"$1,404",Air Canada,32h 20m,(1 stop),04/17/2019,11
4:00pm,8:40am,"$1,459",Air New Zealand,26h 40m,(2 stops),04/17/2019,11
11:50am,6:25am,"$1,645",Qantas Airways,28h 35m,(1 stop),04/17/2019,11
1:00pm,9:00am,"$1,708",Multiple Airlines,30h 0m,(1 stop),04/17/2019,11
1:00pm,12:35pm,"$1,708",Multiple Airlines,33h 35m,(1 stop),04/17/2019,11
4:20pm,7:30am,"$1,836",Virgin Australia,25h 10m,(1 stop),04/17/2019,11
12:00pm,7:30am,"$1,836",Virgin Australia,29h 30m,(1 stop),04/17/2019,11
10:30am,7:30am,"$1,841",Delta,31h 0m,(2 stops),04/17/2019,11
10:30am,7:30am,"$1,841",Delta,31h 0m,(2 stops),04/17/2019,11
10:30am,7:30am,"$1,841",Delta,31h 0m,(2 stops),04/17/2019,11
7:45am,7:30am,"$1,841",Delta,33h 45m,(2 stops),04/17/2019,11
7:45am,7:30am,"$1,841",Delta,33h 45m,(2 stops),04/17/2019,11
4:20pm,8:35am,"$1,850",Virgin Australia,26h 15m,(2 stops),04/17/2019,11
12:00pm,7:30am,"$1,851",Multiple Airlines,29h 30m,(1 stop),04/17/2019,11
1:30am,8:25am,"$1,885",China Southern Airlines,40h 55m,(1 stop),04/17/2019,11
9:55am,6:30am,"$2,034",Qantas Airways,30h 35m,(1 stop),04/17/2019,11
4:25pm,12:35pm,"$2,059",China Eastern Airlines,30h 10m,(1 stop),04/17/2019,11
1:45pm,7:45am,"$2,280",Asiana Airlines,28h 0m,(1 stop),04/17/2019,11
11:55am,7:30am,"$2,455",Delta,29h 35m,(2 stops),04/17/2019,11
10:30am,7:30am,"$2,455",Delta,31h 0m,(2 stops),04/17/2019,11
12:40pm,6:15am,"$2,810",Korean Air,27h 35m,(1 stop),04/17/2019,11
5:55pm,5:50pm,"$3,720",Etihad Airways,33h 55m,(2 stops),04/17/2019,11
8:35pm,7:15pm,"$4,609",Singapore Airlines,32h 40m,(2 stops),04/17/2019,11
1:40pm,8:55am,"$5,523",All Nippon Airways,29h 15m,(1 stop),04/17/2019,11
1:45am,8:20pm,$941,Cathay Pacific,28h 35m,(1 stop),04/18/2019,12
1:45am,6:15am,$941,Cathay Pacific,38h 30m,(1 stop),04/18/2019,12
1:45am,8:50am,$941,Cathay Pacific,41h 5m,(1 stop),04/18/2019,12
1:45am,10:50am,$941,Cathay Pacific,43h 5m,(1 stop),04/18/2019,12
11:45am,7:25am,"$1,026",American Airlines,29h 40m,(2 stops),04/18/2019,12
11:45am,7:25am,"$1,026",American Airlines,29h 40m,(2 stops),04/18/2019,12
8:15am,7:25am,"$1,026",American Airlines,33h 10m,(2 stops),04/18/2019,12
8:15am,7:25am,"$1,026",American Airlines,33h 10m,(2 stops),04/18/2019,12
7:21pm,6:55am,"$1,031",United,21h 34m,(1 stop),04/18/2019,12
6:25pm,7:00am,"$1,031",United,22h 35m,(1 stop),04/18/2019,12
4:20pm,7:00am,"$1,031",United,24h 40m,(1 stop),04/18/2019,12
12:00pm,7:00am,"$1,031",United,29h 0m,(1 stop),04/18/2019,12
2:55pm,6:55am,"$1,036",United,26h 0m,(2 stops),04/18/2019,12
2:50pm,6:55am,"$1,036",United,26h 5m,(2 stops),04/18/2019,12
2:50pm,6:55am,"$1,036",United,26h 5m,(2 stops),04/18/2019,12
2:50pm,7:00am,"$1,036",United,26h 10m,(2 stops),04/18/2019,12
1:51pm,6:55am,"$1,036",United,27h 4m,(2 stops),04/18/2019,12
1:51pm,6:55am,"$1,036",United,27h 4m,(2 stops),04/18/2019,12
1:51pm,6:55am,"$1,036",United,27h 4m,(2 stops),04/18/2019,12
1:51pm,7:00am,"$1,036",United,27h 9m,(2 stops),04/18/2019,12
1:51pm,7:00am,"$1,036",United,27h 9m,(2 stops),04/18/2019,12
12:20pm,6:55am,"$1,036",United,28h 35m,(2 stops),04/18/2019,12
12:20pm,6:55am,"$1,036",United,28h 35m,(2 stops),04/18/2019,12
12:20pm,6:55am,"$1,036",United,28h 35m,(2 stops),04/18/2019,12
12:20pm,7:00am,"$1,036",United,28h 40m,(2 stops),04/18/2019,12
12:20pm,7:00am,"$1,036",United,28h 40m,(2 stops),04/18/2019,12
10:21am,6:55am,"$1,036",United,30h 34m,(2 stops),04/18/2019,12
10:21am,7:00am,"$1,036",United,30h 39m,(2 stops),04/18/2019,12
9:46am,6:55am,"$1,036",United,31h 9m,(2 stops),04/18/2019,12
11:45am,7:25am,"$1,044",American Airlines,29h 40m,(2 stops),04/18/2019,12
11:45am,7:25am,"$1,044",American Airlines,29h 40m,(2 stops),04/18/2019,12
8:15am,7:25am,"$1,044",American Airlines,33h 10m,(2 stops),04/18/2019,12
8:15am,7:25am,"$1,044",American Airlines,33h 10m,(2 stops),04/18/2019,12
8:15am,7:25am,"$1,044",American Airlines,33h 10m,(2 stops),04/18/2019,12
8:15am,7:25am,"$1,044",American Airlines,33h 10m,(2 stops),04/18/2019,12
10:21am,6:55am,"$1,054",United,30h 34m,(2 stops),04/18/2019,12
10:21am,7:00am,"$1,054",United,30h 39m,(2 stops),04/18/2019,12
9:46am,6:55am,"$1,054",United,31h 9m,(2 stops),04/18/2019,12
8:15am,6:10am,"$1,102",Japan Airlines,31h 55m,(2 stops),04/18/2019,12
1:30am,7:40pm,"$1,130",China Southern Airlines,28h 10m,(1 stop),04/18/2019,12
12:00pm,6:30am,"$1,237",Multiple Airlines,28h 30m,(1 stop),04/18/2019,12
8:00am,6:30am,"$1,299",Multiple Airlines,32h 30m,(1 stop),04/18/2019,12
6:40pm,6:25am,"$1,346",Multiple Airlines,21h 45m,(1 stop),04/18/2019,12
11:50am,6:25am,"$1,346",Multiple Airlines,28h 35m,(1 stop),04/18/2019,12
10:20pm,5:50pm,"$1,355",Etihad Airways,29h 30m,(1 stop),04/18/2019,12
11:50am,6:25am,"$1,359",Qantas Airways,28h 35m,(1 stop),04/18/2019,12
5:25pm,8:40am,"$1,364",Air New Zealand,25h 15m,(2 stops),04/18/2019,12
5:25pm,10:40am,"$1,364",Air New Zealand,27h 15m,(2 stops),04/18/2019,12
8:15pm,8:20am,"$1,404",Air Canada,22h 5m,(1 stop),04/18/2019,12
6:00pm,8:20am,"$1,404",Air Canada,24h 20m,(1 stop),04/18/2019,12
5:55pm,8:20am,"$1,404",Air Canada,24h 25m,(2 stops),04/18/2019,12
4:00pm,8:20am,"$1,404",Air Canada,26h 20m,(1 stop),04/18/2019,12
12:00pm,8:20am,"$1,404",Air Canada,30h 20m,(1 stop),04/18/2019,12
10:00am,8:20am,"$1,404",Air Canada,32h 20m,(1 stop),04/18/2019,12
11:30pm,8:45am,"$1,497",Philippine Airlines,43h 15m,(1 stop),04/18/2019,12
10:15pm,10:45am,"$1,633",China Airlines,46h 30m,(2 stops),04/18/2019,12
1:00pm,9:00am,"$1,743",Multiple Airlines,30h 0m,(1 stop),04/18/2019,12
1:00pm,8:25am,"$1,822",Multiple Airlines,29h 25m,(1 stop),04/18/2019,12
6:25pm,7:30am,"$1,836",Virgin Australia,23h 5m,(1 stop),04/18/2019,12
4:20pm,7:30am,"$1,836",Virgin Australia,25h 10m,(1 stop),04/18/2019,12
12:00pm,7:30am,"$1,836",Virgin Australia,29h 30m,(1 stop),04/18/2019,12
4:20pm,9:10am,"$1,850",Virgin Australia,26h 50m,(2 stops),04/18/2019,12
4:20pm,9:40am,"$1,850",Virgin Australia,27h 20m,(2 stops),04/18/2019,12
6:25pm,7:30am,"$1,851",Multiple Airlines,23h 5m,(1 stop),04/18/2019,12
12:00pm,7:30am,"$1,851",Multiple Airlines,29h 30m,(1 stop),04/18/2019,12
1:30am,8:25am,"$1,959",China Southern Airlines,40h 55m,(1 stop),04/18/2019,12
9:55am,6:30am,"$2,034",Qantas Airways,30h 35m,(1 stop),04/18/2019,12
7:45am,7:30am,"$2,473",Delta,33h 45m,(2 stops),04/18/2019,12
4:25pm,7:40am,"$2,538",China Eastern Airlines,73h 15m,(2 stops),04/18/2019,12
11:55am,7:30am,"$2,652",Delta,29h 35m,(2 stops),04/18/2019,12
10:00am,7:30am,"$2,652",Delta,31h 30m,(2 stops),04/18/2019,12
10:00am,7:30am,"$2,670",Delta,31h 30m,(2 stops),04/18/2019,12
12:40pm,7:30am,"$3,412",Multiple Airlines,28h 50m,(1 stop),04/18/2019,12
3:38pm,6:35am,"$4,209",Delta,24h 57m,(2 stops),04/18/2019,12
8:35pm,7:15pm,"$4,609",Singapore Airlines,32h 40m,(2 stops),04/18/2019,12
1:40pm,8:55am,"$5,523",All Nippon Airways,29h 15m,(1 stop),04/18/2019,12
10:20pm,5:50pm,$935,Etihad Airways,29h 30m,(1 stop),04/19/2019,13
10:20pm,6:30am,$935,Etihad Airways,42h 10m,(1 stop),04/19/2019,13
3:30pm,8:50am,$956,Cathay Pacific,27h 20m,(1 stop),04/19/2019,13
1:45am,8:20pm,$956,Cathay Pacific,28h 35m,(1 stop),04/19/2019,13
3:30pm,10:50am,$956,Cathay Pacific,29h 20m,(1 stop),04/19/2019,13
1:45am,6:15am,$956,Cathay Pacific,38h 30m,(1 stop),04/19/2019,13
1:45am,8:50am,$956,Cathay Pacific,41h 5m,(1 stop),04/19/2019,13
1:45am,10:50am,$956,Cathay Pacific,43h 5m,(1 stop),04/19/2019,13
3:30pm,8:20pm,$971,Cathay Pacific,38h 50m,(1 stop),04/19/2019,13
3:30pm,6:15am,$971,Cathay Pacific,48h 45m,(1 stop),04/19/2019,13
7:21pm,6:55am,"$1,062",United,21h 34m,(1 stop),04/19/2019,13
6:50pm,6:55am,"$1,062",United,22h 5m,(1 stop),04/19/2019,13
5:25pm,7:00am,"$1,062",United,23h 35m,(1 stop),04/19/2019,13
4:20pm,6:55am,"$1,062",United,24h 35m,(1 stop),04/19/2019,13
2:05pm,7:00am,"$1,062",United,26h 55m,(1 stop),04/19/2019,13
12:40pm,7:00am,"$1,062",United,28h 20m,(1 stop),04/19/2019,13
9:30am,7:00am,"$1,062",United,31h 30m,(1 stop),04/19/2019,13
7:59am,7:00am,"$1,062",United,33h 1m,(1 stop),04/19/2019,13
6:25pm,7:30am,"$1,065",Virgin Australia,23h 5m,(1 stop),04/19/2019,13
4:50pm,7:00am,"$1,067",United,24h 10m,(2 stops),04/19/2019,13
4:15pm,6:55am,"$1,067",United,24h 40m,(2 stops),04/19/2019,13
4:15pm,7:00am,"$1,067",United,24h 45m,(2 stops),04/19/2019,13
3:14pm,6:55am,"$1,067",United,25h 41m,(2 stops),04/19/2019,13
2:55pm,6:55am,"$1,067",United,26h 0m,(2 stops),04/19/2019,13
2:50pm,6:55am,"$1,067",United,26h 5m,(2 stops),04/19/2019,13
2:50pm,6:55am,"$1,067",United,26h 5m,(2 stops),04/19/2019,13
2:55pm,7:00am,"$1,067",United,26h 5m,(2 stops),04/19/2019,13
2:50pm,7:00am,"$1,067",United,26h 10m,(2 stops),04/19/2019,13
2:35pm,7:00am,"$1,067",United,26h 25m,(2 stops),04/19/2019,13
1:51pm,6:55am,"$1,067",United,27h 4m,(2 stops),04/19/2019,13
11:16am,6:55am,"$1,067",United,29h 39m,(2 stops),04/19/2019,13
3:11pm,7:25am,"$1,070",American Airlines,26h 14m,(2 stops),04/19/2019,13
1:00pm,7:25am,"$1,070",American Airlines,28h 25m,(2 stops),04/19/2019,13
1:00pm,7:25am,"$1,070",American Airlines,28h 25m,(2 stops),04/19/2019,13
11:45am,7:25am,"$1,070",American Airlines,29h 40m,(2 stops),04/19/2019,13
11:45am,7:25am,"$1,070",American Airlines,29h 40m,(2 stops),04/19/2019,13
8:15am,7:25am,"$1,070",American Airlines,33h 10m,(2 stops),04/19/2019,13
8:15am,7:25am,"$1,070",American Airlines,33h 10m,(2 stops),04/19/2019,13
6:25pm,7:30am,"$1,075",Multiple Airlines,23h 5m,(1 stop),04/19/2019,13
4:20pm,7:30am,"$1,075",Multiple Airlines,25h 10m,(1 stop),04/19/2019,13
1:55pm,7:30am,"$1,088",Delta,27h 35m,(2 stops),04/19/2019,13
5:25pm,10:40am,"$1,097",Air New Zealand,27h 15m,(2 stops),04/19/2019,13
1:30am,7:40pm,"$1,130",China Southern Airlines,28h 10m,(1 stop),04/19/2019,13
5:25pm,2:30pm,"$1,130",Air New Zealand,31h 5m,(2 stops),04/19/2019,13
8:00am,7:30am,"$1,132",Multiple Airlines,33h 30m,(1 stop),04/19/2019,13
1:55pm,7:30am,"$1,146",Delta,27h 35m,(2 stops),04/19/2019,13
12:03pm,7:30am,"$1,164",Delta,29h 27m,(2 stops),04/19/2019,13
2:30pm,10:05pm,"$1,167",Emirates,41h 35m,(1 stop),04/19/2019,13
2:30pm,6:05am,"$1,167",Emirates,49h 35m,(1 stop),04/19/2019,13
6:50pm,6:05am,"$1,169",Multiple Airlines,21h 15m,(1 stop),04/19/2019,13
6:40pm,6:25am,"$1,169",Multiple Airlines,21h 45m,(1 stop),04/19/2019,13
11:50am,6:25am,"$1,169",Multiple Airlines,28h 35m,(1 stop),04/19/2019,13
7:00am,6:25am,"$1,221",Multiple Airlines,33h 25m,(1 stop),04/19/2019,13
10:15pm,6:55pm,"$1,256",China Airlines,30h 40m,(2 stops),04/19/2019,13
5:40pm,7:30am,"$1,259",Delta,23h 50m,(2 stops),04/19/2019,13
3:38pm,7:30am,"$1,259",Delta,25h 52m,(2 stops),04/19/2019,13
11:55am,7:30am,"$1,277",Delta,29h 35m,(2 stops),04/19/2019,13
11:50am,6:25am,"$1,292",Qantas Airways,28h 35m,(1 stop),04/19/2019,13
11:30pm,9:00pm,"$1,407",Philippine Airlines,31h 30m,(1 stop),04/19/2019,13
8:15pm,8:20am,"$1,437",Air Canada,22h 5m,(1 stop),04/19/2019,13
6:00pm,8:20am,"$1,437",Air Canada,24h 20m,(1 stop),04/19/2019,13
4:00pm,8:20am,"$1,437",Air Canada,26h 20m,(1 stop),04/19/2019,13
12:00pm,8:20am,"$1,437",Air Canada,30h 20m,(1 stop),04/19/2019,13
10:00am,8:20am,"$1,437",Air Canada,32h 20m,(1 stop),04/19/2019,13
8:35pm,7:15pm,"$1,481",Singapore Airlines,32h 40m,(2 stops),04/19/2019,13
8:15am,6:10am,"$1,573",Japan Airlines,31h 55m,(2 stops),04/19/2019,13
3:38pm,7:30am,"$1,930",Delta,25h 52m,(2 stops),04/19/2019,13
3:30pm,7:30am,"$1,930",Delta,26h 0m,(2 stops),04/19/2019,13
12:03pm,7:30am,"$1,930",Delta,29h 27m,(2 stops),04/19/2019,13
11:55am,7:30am,"$1,930",Delta,29h 35m,(2 stops),04/19/2019,13
11:55am,7:30am,"$1,930",Delta,29h 35m,(2 stops),04/19/2019,13
11:55am,7:30am,"$1,930",Delta,29h 35m,(2 stops),04/19/2019,13
12:03pm,7:30am,"$1,948",Delta,29h 27m,(2 stops),04/19/2019,13
4:25pm,12:35pm,"$2,045",China Eastern Airlines,30h 10m,(1 stop),04/19/2019,13
9:55am,6:30am,"$2,083",Qantas Airways,30h 35m,(1 stop),04/19/2019,13
1:00pm,12:35pm,"$2,166",Multiple Airlines,33h 35m,(1 stop),04/19/2019,13
1:00pm,8:25am,"$2,331",Multiple Airlines,29h 25m,(1 stop),04/19/2019,13
2:30pm,10:00am,"$2,391",Malaysia Airlines,53h 30m,(2 stops),04/19/2019,13
12:40pm,6:15am,"$2,810",Korean Air,27h 35m,(1 stop),04/19/2019,13
1:40pm,8:55am,"$5,523",All Nippon Airways,29h 15m,(1 stop),04/19/2019,13
1:45am,8:20pm,$956,Cathay Pacific,28h 35m,(1 stop),04/20/2019,14
1:45am,6:15am,$956,Cathay Pacific,38h 30m,(1 stop),04/20/2019,14
1:45am,8:50am,$956,Cathay Pacific,41h 5m,(1 stop),04/20/2019,14
1:45am,10:50am,$956,Cathay Pacific,43h 5m,(1 stop),04/20/2019,14
10:20pm,5:50pm,$965,Etihad Airways,29h 30m,(1 stop),04/20/2019,14
10:20pm,6:30am,$965,Etihad Airways,42h 10m,(1 stop),04/20/2019,14
3:11pm,7:25am,$991,American Airlines,26h 14m,(2 stops),04/20/2019,14
1:00pm,7:25am,$991,American Airlines,28h 25m,(2 stops),04/20/2019,14
1:00pm,7:25am,$991,American Airlines,28h 25m,(2 stops),04/20/2019,14
11:45am,7:25am,$991,American Airlines,29h 40m,(2 stops),04/20/2019,14
11:45am,7:25am,$991,American Airlines,29h 40m,(2 stops),04/20/2019,14
10:30am,7:30am,$991,Delta,31h 0m,(2 stops),04/20/2019,14
7:56am,7:25am,$991,American Airlines,33h 29m,(2 stops),04/20/2019,14
7:56am,7:25am,$991,American Airlines,33h 29m,(2 stops),04/20/2019,14
6:25pm,7:30am,$995,Multiple Airlines,23h 5m,(1 stop),04/20/2019,14
6:50pm,6:05am,"$1,000",Multiple Airlines,21h 15m,(1 stop),04/20/2019,14
6:40pm,6:25am,"$1,000",Multiple Airlines,21h 45m,(1 stop),04/20/2019,14
4:20pm,6:05am,"$1,000",Multiple Airlines,23h 45m,(1 stop),04/20/2019,14
9:55am,6:30am,"$1,000",Multiple Airlines,30h 35m,(1 stop),04/20/2019,14
9:55am,11:25am,"$1,001",Qantas Airways,35h 30m,(2 stops),04/20/2019,14
9:55am,11:55am,"$1,001",Qantas Airways,36h 0m,(2 stops),04/20/2019,14
9:55am,6:30am,"$1,009",Qantas Airways,30h 35m,(1 stop),04/20/2019,14
9:55am,9:40am,"$1,009",Qantas Airways,33h 45m,(2 stops),04/20/2019,14
9:55am,9:40am,"$1,009",Qantas Airways,33h 45m,(2 stops),04/20/2019,14
9:55am,10:10am,"$1,009",Qantas Airways,34h 15m,(2 stops),04/20/2019,14
9:55am,10:10am,"$1,009",Qantas Airways,34h 15m,(2 stops),04/20/2019,14
1:00pm,7:30am,"$1,009",Delta,28h 30m,(2 stops),04/20/2019,14
10:00am,7:30am,"$1,009",Delta,31h 30m,(2 stops),04/20/2019,14
6:15am,7:30am,"$1,009",Delta,35h 15m,(2 stops),04/20/2019,14
6:15am,7:30am,"$1,009",Delta,35h 15m,(2 stops),04/20/2019,14
9:55am,8:40am,"$1,018",Qantas Airways,32h 45m,(2 stops),04/20/2019,14
7:21pm,6:55am,"$1,062",United,21h 34m,(1 stop),04/20/2019,14
6:50pm,6:55am,"$1,062",United,22h 5m,(1 stop),04/20/2019,14
6:25pm,7:00am,"$1,062",United,22h 35m,(1 stop),04/20/2019,14
4:20pm,6:55am,"$1,062",United,24h 35m,(1 stop),04/20/2019,14
4:20pm,7:00am,"$1,062",United,24h 40m,(1 stop),04/20/2019,14
3:45pm,6:55am,"$1,062",United,25h 10m,(2 stops),04/20/2019,14
12:00pm,7:00am,"$1,062",United,29h 0m,(1 stop),04/20/2019,14
6:25pm,7:30am,"$1,065",Virgin Australia,23h 5m,(1 stop),04/20/2019,14
4:15pm,6:55am,"$1,067",United,24h 40m,(2 stops),04/20/2019,14
4:15pm,7:00am,"$1,067",United,24h 45m,(2 stops),04/20/2019,14
3:14pm,6:55am,"$1,067",United,25h 41m,(2 stops),04/20/2019,14
2:55pm,6:55am,"$1,067",United,26h 0m,(2 stops),04/20/2019,14
2:50pm,6:55am,"$1,067",United,26h 5m,(2 stops),04/20/2019,14
2:50pm,7:00am,"$1,067",United,26h 10m,(2 stops),04/20/2019,14
11:16am,6:55am,"$1,067",United,29h 39m,(2 stops),04/20/2019,14
4:20pm,7:30am,"$1,075",Multiple Airlines,25h 10m,(1 stop),04/20/2019,14
12:00pm,7:30am,"$1,075",Multiple Airlines,29h 30m,(1 stop),04/20/2019,14
5:25pm,8:40am,"$1,097",Air New Zealand,25h 15m,(2 stops),04/20/2019,14
5:25pm,10:40am,"$1,097",Air New Zealand,27h 15m,(2 stops),04/20/2019,14
4:00pm,8:40am,"$1,118",Air New Zealand,26h 40m,(2 stops),04/20/2019,14
1:30am,7:40pm,"$1,130",China Southern Airlines,28h 10m,(1 stop),04/20/2019,14
8:00am,7:30am,"$1,132",Multiple Airlines,33h 30m,(1 stop),04/20/2019,14
5:40pm,7:30am,"$1,146",Delta,23h 50m,(2 stops),04/20/2019,14
1:00pm,7:30am,"$1,146",Delta,28h 30m,(2 stops),04/20/2019,14
6:15am,7:30am,"$1,146",Delta,35h 15m,(2 stops),04/20/2019,14
10:00am,7:30am,"$1,164",Delta,31h 30m,(2 stops),04/20/2019,14
2:30pm,10:05pm,"$1,167",Emirates,41h 35m,(1 stop),04/20/2019,14
2:30pm,6:05am,"$1,167",Emirates,49h 35m,(1 stop),04/20/2019,14
10:30am,7:30am,"$1,259",Delta,31h 0m,(2 stops),04/20/2019,14
10:00am,7:30am,"$1,259",Delta,31h 30m,(2 stops),04/20/2019,14
1:00pm,6:30am,"$1,296",Qantas Airways,27h 30m,(2 stops),04/20/2019,14
10:15pm,10:45am,"$1,310",China Airlines,46h 30m,(2 stops),04/20/2019,14
4:25pm,8:30am,"$1,382",China Eastern Airlines,50h 5m,(3 stops),04/20/2019,14
11:30pm,9:00pm,"$1,407",Philippine Airlines,31h 30m,(1 stop),04/20/2019,14
8:15pm,8:20am,"$1,437",Air Canada,22h 5m,(1 stop),04/20/2019,14
6:00pm,8:20am,"$1,437",Air Canada,24h 20m,(1 stop),04/20/2019,14
5:55pm,8:20am,"$1,437",Air Canada,24h 25m,(2 stops),04/20/2019,14
4:00pm,8:20am,"$1,437",Air Canada,26h 20m,(1 stop),04/20/2019,14
10:00am,8:20am,"$1,437",Air Canada,32h 20m,(1 stop),04/20/2019,14
10:30pm,4:50pm,"$1,476",Turkish Airlines,52h 20m,(2 stops),04/20/2019,14
8:35pm,7:15pm,"$1,481",Singapore Airlines,32h 40m,(2 stops),04/20/2019,14
7:56am,6:10am,"$1,650",Japan Airlines,32h 14m,(2 stops),04/20/2019,14
4:20pm,7:30am,"$1,925",Virgin Australia,25h 10m,(1 stop),04/20/2019,14
12:00pm,7:30am,"$1,925",Virgin Australia,29h 30m,(1 stop),04/20/2019,14
4:20pm,8:25am,"$1,929",Virgin Australia,26h 5m,(2 stops),04/20/2019,14
1:00pm,8:25am,"$2,378",Multiple Airlines,29h 25m,(1 stop),04/20/2019,14
1:00pm,9:00am,"$2,378",Multiple Airlines,30h 0m,(1 stop),04/20/2019,14
12:40pm,6:15am,"$2,810",Korean Air,27h 35m,(1 stop),04/20/2019,14
1:40pm,8:55am,"$5,746",All Nippon Airways,29h 15m,(1 stop),04/20/2019,14
10:20pm,5:50pm,$937,Etihad Airways,29h 30m,(1 stop),04/21/2019,15
10:20pm,6:30am,$937,Etihad Airways,42h 10m,(1 stop),04/21/2019,15
3:30pm,8:50am,$958,Cathay Pacific,27h 20m,(1 stop),04/21/2019,15
1:45am,8:20pm,$958,Cathay Pacific,28h 35m,(1 stop),04/21/2019,15
3:30pm,10:50am,$958,Cathay Pacific,29h 20m,(1 stop),04/21/2019,15
1:45am,6:15am,$958,Cathay Pacific,38h 30m,(1 stop),04/21/2019,15
1:45am,8:50am,$958,Cathay Pacific,41h 5m,(1 stop),04/21/2019,15
1:45am,10:50am,$958,Cathay Pacific,43h 5m,(1 stop),04/21/2019,15
3:30pm,8:20pm,$973,Cathay Pacific,38h 50m,(1 stop),04/21/2019,15
3:30pm,6:15am,$973,Cathay Pacific,48h 45m,(1 stop),04/21/2019,15
3:38pm,6:35am,$994,American Airlines,26h 14m,(2 stops),04/21/2019,15
3:30pm,6:35am,$994,American Airlines,28h 25m,(2 stops),04/21/2019,15
3:11pm,7:25am,$994,American Airlines,28h 25m,(2 stops),04/21/2019,15
1:55pm,6:35am,$994,American Airlines,28h 25m,(2 stops),04/21/2019,15
1:00pm,7:25am,$994,American Airlines,29h 40m,(2 stops),04/21/2019,15
1:00pm,7:25am,$994,American Airlines,29h 40m,(2 stops),04/21/2019,15
1:00pm,7:25am,$994,American Airlines,29h 40m,(2 stops),04/21/2019,15
12:03pm,6:35am,$994,Multiple Airlines,21h 50m,(1 stop),04/21/2019,15
11:55am,6:35am,$994,Multiple Airlines,28h 35m,(1 stop),04/21/2019,15
11:55am,6:35am,$994,Qantas Airways,28h 35m,(1 stop),04/21/2019,15
11:55am,6:35am,$994,American Airlines,29h 40m,(2 stops),04/21/2019,15
11:45am,7:25am,$994,American Airlines,30h 56m,(2 stops),04/21/2019,15
11:45am,7:25am,$994,Multiple Airlines,33h 25m,(1 stop),04/21/2019,15
11:45am,7:25am,$994,Multiple Airlines,32h 30m,(1 stop),04/21/2019,15
10:30am,6:35am,$994,Multiple Airlines,32h 5m,(1 stop),04/21/2019,15
10:30am,6:35am,$994,United,21h 34m,(1 stop),04/21/2019,15
10:30am,6:35am,$994,United,22h 5m,(1 stop),04/21/2019,15
10:30am,6:35am,$994,United,23h 35m,(1 stop),04/21/2019,15
10:00am,6:35am,$994,United,26h 55m,(1 stop),04/21/2019,15
6:30am,6:35am,$994,United,28h 20m,(1 stop),04/21/2019,15
6:15am,6:35am,$994,United,32h 0m,(1 stop),04/21/2019,15
6:15am,6:35am,$994,United,33h 1m,(1 stop),04/21/2019,15
6:35pm,6:25am,"$1,003",Virgin Australia,23h 5m,(1 stop),04/21/2019,15
11:50am,6:25am,"$1,003",United,24h 10m,(2 stops),04/21/2019,15
11:50am,6:25am,"$1,012",United,24h 45m,(2 stops),04/21/2019,15
3:11pm,7:25am,$949,American Airlines,26h 14m,(2 stops),04/22/2019,16
1:00pm,7:25am,$949,American Airlines,28h 25m,(2 stops),04/22/2019,16
1:00pm,7:25am,$949,American Airlines,28h 25m,(2 stops),04/22/2019,16
11:45am,7:25am,$949,American Airlines,29h 40m,(2 stops),04/22/2019,16
11:45am,7:25am,$949,American Airlines,29h 40m,(2 stops),04/22/2019,16
8:15am,7:25am,$949,American Airlines,33h 10m,(2 stops),04/22/2019,16
8:15am,7:25am,$949,American Airlines,33h 10m,(2 stops),04/22/2019,16
4:20pm,7:30am,$953,Multiple Airlines,25h 10m,(1 stop),04/22/2019,16
4:20pm,6:30am,$960,Multiple Airlines,29h 40m,(2 stops),04/22/2019,16
11:45am,7:25am,$967,American Airlines,29h 40m,(2 stops),04/22/2019,16
11:45am,7:25am,$967,American Airlines,30h 26m,(2 stops),04/22/2019,16
10:59am,7:25am,$967,American Airlines,33h 10m,(2 stops),04/22/2019,16
8:15am,7:25am,$967,American Airlines,33h 10m,(2 stops),04/22/2019,16
8:15am,7:25am,$967,American Airlines,33h 10m,(2 stops),04/22/2019,16
8:15am,7:25am,$967,American Airlines,33h 10m,(2 stops),04/22/2019,16
8:15am,7:25am,$967,American Airlines,23h 5m,(1 stop),04/22/2019,16
6:25pm,7:30am,"$1,023",Virgin Australia,23h 5m,(1 stop),04/22/2019,16
6:25pm,7:30am,"$1,033",Multiple Airlines,29h 30m,(1 stop),04/22/2019,16
12:00pm,7:30am,"$1,033",Multiple Airlines,21h 34m,(1 stop),04/22/2019,16
7:21pm,6:55am,"$1,034",United,22h 5m,(1 stop),04/22/2019,16
6:50pm,6:55am,"$1,034",United,23h 35m,(1 stop),04/22/2019,16
5:25pm,7:00am,"$1,034",United,24h 35m,(1 stop),04/22/2019,16
4:20pm,6:55am,"$1,034",United,26h 55m,(1 stop),04/22/2019,16
2:05pm,7:00am,"$1,034",United,28h 20m,(1 stop),04/22/2019,16
12:40pm,7:00am,"$1,034",United,31h 30m,(1 stop),04/22/2019,16
9:30am,7:00am,"$1,034",United,33h 1m,(1 stop),04/22/2019,16
7:59am,7:00am,"$1,034",United,24h 40m,(2 stops),04/22/2019,16
4:15pm,6:55am,"$1,039",United,24h 45m,(2 stops),04/22/2019,16
4:15pm,7:00am,"$1,039",United,25h 41m,(2 stops),04/22/2019,16
3:14pm,6:55am,"$1,039",United,26h 5m,(2 stops),04/22/2019,16
2:50pm,6:55am,"$1,039",United,26h 5m,(2 stops),04/22/2019,16
2:50pm,6:55am,"$1,039",United,26h 10m,(2 stops),04/22/2019,16
2:50pm,7:00am,"$1,039",United,26h 25m,(2 stops),04/22/2019,16
2:35pm,7:00am,"$1,039",United,27h 4m,(2 stops),04/22/2019,16
1:51pm,6:55am,"$1,039",United,27h 4m,(2 stops),04/22/2019,16
3:11pm,7:25am,$946,American Airlines,26h 14m,(2 stops),04/23/2019,17
1:00pm,7:25am,$946,American Airlines,28h 25m,(2 stops),04/23/2019,17
11:45am,7:25am,$946,American Airlines,29h 40m,(2 stops),04/23/2019,17
11:45am,7:25am,$946,American Airlines,29h 40m,(2 stops),04/23/2019,17
7:56am,7:25am,$946,American Airlines,33h 29m,(2 stops),04/23/2019,17
7:56am,7:25am,$946,American Airlines,33h 29m,(2 stops),04/23/2019,17
11:45am,7:25am,$964,American Airlines,29h 40m,(2 stops),04/23/2019,17
11:45am,7:25am,$964,American Airlines,29h 40m,(2 stops),04/23/2019,17
7:56am,7:25am,$964,American Airlines,33h 29m,(2 stops),04/23/2019,17
7:56am,7:25am,$964,American Airlines,33h 29m,(2 stops),04/23/2019,17
7:56am,7:25am,$964,American Airlines,33h 29m,(2 stops),04/23/2019,17
7:56am,7:25am,$964,American Airlines,33h 29m,(2 stops),04/23/2019,17
7:21pm,6:55am,"$1,031",United,21h 34m,(1 stop),04/23/2019,17
6:25pm,7:00am,"$1,031",United,22h 35m,(1 stop),04/23/2019,17
4:20pm,7:00am,"$1,031",United,24h 40m,(1 stop),04/23/2019,17
12:00pm,7:00am,"$1,031",United,29h 0m,(1 stop),04/23/2019,17
3:14pm,6:55am,"$1,036",United,25h 41m,(2 stops),04/23/2019,17
2:55pm,6:55am,"$1,036",United,26h 0m,(2 stops),04/23/2019,17
2:50pm,6:55am,"$1,036",United,26h 5m,(2 stops),04/23/2019,17
2:50pm,6:55am,"$1,036",United,26h 5m,(2 stops),04/23/2019,17
2:50pm,7:00am,"$1,036",United,26h 10m,(2 stops),04/23/2019,17
1:51pm,6:55am,"$1,036",United,27h 4m,(2 stops),04/23/2019,17
1:51pm,6:55am,"$1,036",United,27h 4m,(2 stops),04/23/2019,17
1:51pm,6:55am,"$1,036",United,27h 4m,(2 stops),04/23/2019,17
1:51pm,7:00am,"$1,036",United,27h 9m,(2 stops),04/23/2019,17
1:51pm,7:00am,"$1,036",United,27h 9m,(2 stops),04/23/2019,17
12:20pm,6:55am,"$1,036",United,28h 35m,(2 stops),04/23/2019,17
12:20pm,6:55am,"$1,036",United,28h 35m,(2 stops),04/23/2019,17
12:20pm,6:55am,"$1,036",United,28h 35m,(2 stops),04/23/2019,17
12:20pm,7:00am,"$1,036",United,28h 40m,(2 stops),04/23/2019,17
10:21am,7:00am,"$1,036",United,30h 39m,(2 stops),04/23/2019,17
5:25pm,8:40am,"$1,048",Air New Zealand,25h 15m,(2 stops),04/23/2019,17
5:25pm,10:40am,"$1,048",Air New Zealand,27h 15m,(2 stops),04/23/2019,17
12:20pm,6:55am,"$1,054",United,28h 35m,(2 stops),04/23/2019,17
12:20pm,7:00am,"$1,054",United,28h 40m,(2 stops),04/23/2019,17
10:21am,6:55am,"$1,054",United,30h 34m,(2 stops),04/23/2019,17
5:25pm,2:30pm,"$1,081",Air New Zealand,31h 5m,(2 stops),04/23/2019,17
6:50pm,6:05am,"$1,084",Multiple Airlines,21h 15m,(1 stop),04/23/2019,17
4:20pm,6:05am,"$1,084",Multiple Airlines,23h 45m,(1 stop),04/23/2019,17
1:45am,8:20pm,"$1,087",Cathay Pacific,28h 35m,(1 stop),04/23/2019,17
1:00pm,6:30am,"$1,099",Qantas Airways,27h 30m,(2 stops),04/23/2019,17
7:45am,7:30am,"$1,101",Delta,33h 45m,(2 stops),04/23/2019,17
1:30am,7:40pm,"$1,130",China Southern Airlines,28h 10m,(1 stop),04/23/2019,17
1:30am,8:25am,"$1,130",China Southern Airlines,40h 55m,(1 stop),04/23/2019,17
8:00am,6:30am,"$1,143",Multiple Airlines,32h 30m,(1 stop),04/23/2019,17
8:00am,6:05am,"$1,144",Multiple Airlines,32h 5m,(1 stop),04/23/2019,17
12:00pm,8:40am,"$1,191",Air New Zealand,30h 40m,(2 stops),04/23/2019,17
6:25pm,7:30am,"$1,210",Virgin Australia,23h 5m,(1 stop),04/23/2019,17
5:40pm,7:30am,"$1,215",Delta,23h 50m,(2 stops),04/23/2019,17
3:38pm,7:30am,"$1,215",Delta,25h 52m,(2 stops),04/23/2019,17
3:30pm,7:30am,"$1,215",Delta,26h 0m,(2 stops),04/23/2019,17
12:03pm,7:30am,"$1,215",Delta,29h 27m,(2 stops),04/23/2019,17
10:30am,7:30am,"$1,215",Delta,31h 0m,(2 stops),04/23/2019,17
10:00am,7:30am,"$1,215",Delta,31h 30m,(2 stops),04/23/2019,17
6:25pm,7:30am,"$1,221",Multiple Airlines,23h 5m,(1 stop),04/23/2019,17
4:20pm,7:30am,"$1,221",Multiple Airlines,25h 10m,(1 stop),04/23/2019,17
1:55pm,7:30am,"$1,233",Delta,27h 35m,(2 stops),04/23/2019,17
12:03pm,7:30am,"$1,233",Delta,29h 27m,(2 stops),04/23/2019,17
10:00am,7:30am,"$1,233",Delta,31h 30m,(2 stops),04/23/2019,17
10:00am,7:30am,"$1,233",Delta,31h 30m,(2 stops),04/23/2019,17
7:00pm,6:55pm,"$1,283",China Airlines,33h 55m,(2 stops),04/23/2019,17
8:15pm,8:20am,"$1,404",Air Canada,22h 5m,(1 stop),04/23/2019,17
6:00pm,8:20am,"$1,404",Air Canada,24h 20m,(1 stop),04/23/2019,17
4:00pm,8:20am,"$1,404",Air Canada,26h 20m,(1 stop),04/23/2019,17
12:40pm,6:15am,"$1,561",Korean Air,27h 35m,(1 stop),04/23/2019,17
10:20pm,5:50pm,"$1,601",Etihad Airways,29h 30m,(1 stop),04/23/2019,17
8:35pm,7:15pm,"$1,833",Singapore Airlines,32h 40m,(2 stops),04/23/2019,17
4:20pm,7:30am,"$1,836",Virgin Australia,25h 10m,(1 stop),04/23/2019,17
12:00pm,7:30am,"$1,836",Virgin Australia,29h 30m,(1 stop),04/23/2019,17
9:55am,6:30am,"$1,839",Qantas Airways,30h 35m,(1 stop),04/23/2019,17
1:55pm,7:30am,"$1,841",Delta,27h 35m,(2 stops),04/23/2019,17
11:55am,7:30am,"$1,841",Delta,29h 35m,(2 stops),04/23/2019,17
4:20pm,8:35am,"$1,850",Virgin Australia,26h 15m,(2 stops),04/23/2019,17
2:45pm,2:50pm,"$2,192",Air China,34h 5m,(1 stop),04/23/2019,17
11:30pm,8:45am,"$3,152",Philippine Airlines,43h 15m,(1 stop),04/23/2019,17
4:25pm,8:55pm,"$3,269",China Eastern Airlines,38h 30m,(2 stops),04/23/2019,17
4:25pm,1:25pm,"$3,276",China Eastern Airlines,55h 0m,(2 stops),04/23/2019,17
4:25pm,7:40am,"$3,419",China Eastern Airlines,49h 15m,(3 stops),04/23/2019,17
7:56am,6:10am,"$5,235",Japan Airlines,32h 14m,(2 stops),04/23/2019,17
3:11pm,7:25am,$949,American Airlines,26h 14m,(2 stops),04/24/2019,18
11:45am,7:25am,$949,American Airlines,29h 40m,(2 stops),04/24/2019,18
11:45am,7:25am,$949,American Airlines,29h 40m,(2 stops),04/24/2019,18
8:15am,7:25am,$949,American Airlines,33h 10m,(2 stops),04/24/2019,18
8:15am,7:25am,$949,American Airlines,33h 10m,(2 stops),04/24/2019,18
11:45am,7:25am,$967,American Airlines,29h 40m,(2 stops),04/24/2019,18
11:45am,7:25am,$967,American Airlines,29h 40m,(2 stops),04/24/2019,18
8:15am,7:25am,$967,American Airlines,33h 10m,(2 stops),04/24/2019,18
8:15am,7:25am,$967,American Airlines,33h 10m,(2 stops),04/24/2019,18
8:15am,7:25am,$967,American Airlines,33h 10m,(2 stops),04/24/2019,18
8:15am,7:25am,$967,American Airlines,33h 10m,(2 stops),04/24/2019,18
5:25pm,7:00am,"$1,034",United,23h 35m,(1 stop),04/24/2019,18
12:40pm,7:00am,"$1,034",United,28h 20m,(1 stop),04/24/2019,18
7:59am,7:00am,"$1,034",United,33h 1m,(1 stop),04/24/2019,18
4:50pm,7:00am,"$1,039",United,24h 10m,(2 stops),04/24/2019,18
2:55pm,7:00am,"$1,039",United,26h 5m,(2 stops),04/24/2019,18
2:50pm,7:00am,"$1,039",United,26h 10m,(2 stops),04/24/2019,18
1:51pm,7:00am,"$1,039",United,27h 9m,(2 stops),04/24/2019,18
1:51pm,7:00am,"$1,039",United,27h 9m,(2 stops),04/24/2019,18
1:25pm,7:00am,"$1,039",United,27h 35m,(2 stops),04/24/2019,18
12:20pm,7:00am,"$1,039",United,28h 40m,(2 stops),04/24/2019,18
12:20pm,7:00am,"$1,039",United,28h 40m,(2 stops),04/24/2019,18
10:21am,7:00am,"$1,039",United,30h 39m,(2 stops),04/24/2019,18
7:35am,7:00am,"$1,039",United,33h 25m,(2 stops),04/24/2019,18
10:21am,7:00am,"$1,057",United,30h 39m,(2 stops),04/24/2019,18
10:10am,7:00am,"$1,057",United,30h 50m,(2 stops),04/24/2019,18
7:35am,7:00am,"$1,057",United,33h 25m,(2 stops),04/24/2019,18
6:50pm,6:05am,"$1,087",Multiple Airlines,21h 15m,(1 stop),04/24/2019,18
4:20pm,6:05am,"$1,087",Multiple Airlines,23h 45m,(1 stop),04/24/2019,18
4:20pm,6:30am,"$1,087",Multiple Airlines,24h 10m,(1 stop),04/24/2019,18
1:00pm,6:30am,"$1,101",Qantas Airways,27h 30m,(2 stops),04/24/2019,18
1:00pm,7:25am,"$1,104",American Airlines,28h 25m,(2 stops),04/24/2019,18
1:00pm,7:25am,"$1,104",American Airlines,28h 25m,(2 stops),04/24/2019,18
1:00pm,7:25am,"$1,104",American Airlines,28h 25m,(2 stops),04/24/2019,18
2:30pm,10:05pm,"$1,124",Emirates,41h 35m,(1 stop),04/24/2019,18
12:00pm,8:40am,"$1,227",Virgin Australia,30h 40m,(2 stops),04/25/2019,19
12:00pm,9:10am,"$1,227",Virgin Australia,31h 10m,(2 stops),04/25/2019,19
12:00pm,9:40am,"$1,227",Virgin Australia,31h 40m,(2 stops),04/25/2019,19
12:00pm,10:40am,"$1,227",Virgin Australia,32h 40m,(2 stops),04/25/2019,19
11:45am,7:25am,"$1,291",Virgin Australia,33h 40m,(2 stops),04/25/2019,19
8:15am,7:25am,"$1,291",Multiple Airlines,24h 10m,(1 stop),04/25/2019,19
8:15am,7:25am,"$1,309",Multiple Airlines,28h 30m,(1 stop),04/25/2019,19
8:15am,7:25am,"$1,309",Multiple Airlines,30h 35m,(1 stop),04/25/2019,19
8:15am,7:25am,"$1,309",Qantas Airways,30h 35m,(1 stop),04/25/2019,19
4:20pm,6:30am,"$1,349",Qantas Airways,27h 30m,(2 stops),04/25/2019,19
12:00pm,6:30am,"$1,349",Multiple Airlines,32h 30m,(1 stop),04/25/2019,19
9:55am,6:30am,"$1,349",Air New Zealand,25h 15m,(2 stops),04/25/2019,19
1:00pm,6:30am,"$1,367",Air Canada,25h 25m,(2 stops),04/25/2019,19
8:00am,6:30am,"$1,412",American Airlines,26h 14m,(2 stops),04/25/2019,19
5:25pm,8:40am,"$1,490",American Airlines,28h 25m,(2 stops),04/25/2019,19
8:15pm,11:40am,"$1,498",American Airlines,28h 25m,(2 stops),04/25/2019,19
3:11pm,7:25am,"$1,546",American Airlines,28h 25m,(2 stops),04/25/2019,19
1:00pm,7:25am,"$1,546",American Airlines,29h 40m,(2 stops),04/25/2019,19
1:00pm,7:25am,"$1,546",American Airlines,29h 40m,(2 stops),04/25/2019,19
1:00pm,7:25am,"$1,546",American Airlines,33h 10m,(2 stops),04/25/2019,19
11:45am,7:25am,"$1,546",American Airlines,33h 10m,(2 stops),04/25/2019,19
8:15am,7:25am,"$1,546",American Airlines,29h 40m,(2 stops),04/25/2019,19
11:45am,7:25am,"$1,564",American Airlines,29h 40m,(2 stops),04/25/2019,19
11:45am,7:25am,"$1,564",American Airlines,30h 26m,(2 stops),04/25/2019,19
5:55pm,8:20am,"$1,613",American Airlines,33h 10m,(2 stops),04/25/2019,19
9:00am,8:20am,"$1,642",Air Canada,24h 20m,(1 stop),04/25/2019,19
8:00am,8:20am,"$1,642",Air Canada,24h 25m,(2 stops),04/25/2019,19
7:00am,8:20am,"$1,642",Air Canada,26h 20m,(1 stop),04/25/2019,19
11:50am,6:25am,"$1,649",Air Canada,32h 20m,(1 stop),04/25/2019,19
5:25pm,2:30pm,"$1,669",Air New Zealand,34h 40m,(2 stops),04/25/2019,19
1:45am,8:20pm,"$1,772",Air Canada,33h 20m,(1 stop),04/25/2019,19
6:25pm,7:30am,"$1,841",Qantas Airways,28h 35m,(1 stop),04/25/2019,19
4:20pm,7:30am,"$1,841",Air New Zealand,31h 5m,(2 stops),04/25/2019,19
12:00pm,7:30am,"$1,841",Cathay Pacific,28h 35m,(1 stop),04/25/2019,19
9:55am,6:30am,"$1,845",Virgin Australia,23h 5m,(1 stop),04/25/2019,19
7:00am,8:20am,"$1,671",Air Canada,35h 20m,(1 stop),04/26/2019,20
3:11pm,7:25am,"$1,930",American Airlines,26h 14m,(2 stops),04/26/2019,20
1:00pm,7:25am,"$1,930",American Airlines,28h 25m,(2 stops),04/26/2019,20
1:00pm,7:25am,"$1,930",American Airlines,28h 25m,(2 stops),04/26/2019,20
1:00pm,7:25am,"$1,930",American Airlines,28h 25m,(2 stops),04/26/2019,20
11:45am,7:25am,"$1,930",American Airlines,29h 40m,(2 stops),04/26/2019,20
11:45am,7:25am,"$1,930",American Airlines,29h 40m,(2 stops),04/26/2019,20
8:15am,7:25am,"$1,930",American Airlines,33h 10m,(2 stops),04/26/2019,20
8:15am,7:25am,"$1,930",American Airlines,33h 10m,(2 stops),04/26/2019,20
11:45am,7:25am,"$1,948",American Airlines,29h 40m,(2 stops),04/26/2019,20
11:45am,7:25am,"$1,948",American Airlines,29h 40m,(2 stops),04/26/2019,20
10:59am,7:25am,"$1,948",American Airlines,30h 26m,(2 stops),04/26/2019,20
8:15am,7:25am,"$1,948",American Airlines,33h 10m,(2 stops),04/26/2019,20
8:15am,7:25am,"$1,948",American Airlines,33h 10m,(2 stops),04/26/2019,20
8:15am,7:25am,"$1,948",American Airlines,33h 10m,(2 stops),04/26/2019,20
8:15am,7:25am,"$1,948",American Airlines,33h 10m,(2 stops),04/26/2019,20
10:15pm,10:45am,"$2,037",China Airlines,46h 30m,(2 stops),04/26/2019,20
4:00pm,10:40am,"$2,043",Air New Zealand,28h 40m,(2 stops),04/26/2019,20
5:25pm,10:40am,"$2,070",Air New Zealand,27h 15m,(2 stops),04/26/2019,20
4:20pm,10:40am,"$2,070",Air New Zealand,28h 20m,(2 stops),04/26/2019,20
11:16am,10:40am,"$2,070",Air New Zealand,33h 24m,(2 stops),04/26/2019,20
4:00pm,2:30pm,"$2,076",Air New Zealand,32h 30m,(2 stops),04/26/2019,20
11:50am,6:25am,"$2,083",Qantas Airways,28h 35m,(1 stop),04/26/2019,20
9:55am,6:30am,"$2,083",Qantas Airways,30h 35m,(1 stop),04/26/2019,20
1:00pm,6:30am,"$2,088",Qantas Airways,27h 30m,(2 stops),04/26/2019,20
5:25pm,2:30pm,"$2,103",Air New Zealand,31h 5m,(2 stops),04/26/2019,20
4:20pm,2:30pm,"$2,103",Air New Zealand,32h 10m,(2 stops),04/26/2019,20
4:00pm,8:20am,"$2,170",Air Canada,26h 20m,(1 stop),04/26/2019,20
8:00am,8:20am,"$2,207",Air Canada,34h 20m,(1 stop),04/26/2019,20
8:15pm,8:20am,"$2,292",Air Canada,22h 5m,(1 stop),04/26/2019,20
6:00pm,8:20am,"$2,292",Air Canada,24h 20m,(1 stop),04/26/2019,20
2:30pm,10:00am,"$2,929",Malaysia Airlines,53h 30m,(2 stops),04/26/2019,20
2:30pm,7:35pm,"$2,929",Malaysia Airlines,63h 5m,(2 stops),04/26/2019,20
1:30am,7:40pm,"$3,032",China Southern Airlines,28h 10m,(1 stop),04/26/2019,20
11:30pm,9:00pm,"$3,243",Philippine Airlines,31h 30m,(1 stop),04/26/2019,20
5:25pm,7:00am,"$3,299",United,23h 35m,(1 stop),04/26/2019,20
7:59am,7:00am,"$3,299",United,33h 1m,(1 stop),04/26/2019,20
2:35pm,7:00am,"$3,304",United,26h 25m,(2 stops),04/26/2019,20
9:00am,7:00am,"$3,304",United,32h 0m,(2 stops),04/26/2019,20
10:21am,7:00am,"$3,322",United,30h 39m,(2 stops),04/26/2019,20
8:55am,7:00am,"$3,322",United,32h 5m,(2 stops),04/26/2019,20
7:35am,7:00am,"$3,322",United,33h 25m,(2 stops),04/26/2019,20
1:45am,8:20pm,"$3,335",Cathay Pacific,28h 35m,(1 stop),04/26/2019,20
3:30pm,8:20pm,"$3,350",Cathay Pacific,38h 50m,(1 stop),04/26/2019,20
10:20pm,6:30am,"$3,722",Etihad Airways,42h 10m,(1 stop),04/26/2019,20
10:21am,7:00am,"$3,751",United,30h 39m,(2 stops),04/26/2019,20
2:50pm,7:00am,"$3,786",United,26h 10m,(2 stops),04/26/2019,20
8:55am,7:00am,"$3,945",United,32h 5m,(2 stops),04/26/2019,20
6:25pm,7:30am,"$4,424",Virgin Australia,23h 5m,(1 stop),04/26/2019,20
4:20pm,7:30am,"$4,424",Virgin Australia,25h 10m,(1 stop),04/26/2019,20
12:00pm,7:30am,"$4,424",Virgin Australia,29h 30m,(1 stop),04/26/2019,20
2:05pm,7:00am,"$4,483",United,26h 55m,(1 stop),04/26/2019,20
12:40pm,7:00am,"$4,483",United,28h 20m,(1 stop),04/26/2019,20
9:30am,7:00am,"$4,483",United,31h 30m,(1 stop),04/26/2019,20
5:40pm,10:40am,"$4,487",United,27h 0m,(2 stops),04/26/2019,20
5:25pm,10:40am,"$4,487",United,27h 15m,(2 stops),04/26/2019,20
3:38pm,6:35am,"$4,658",Delta,24h 57m,(2 stops),04/26/2019,20
3:30pm,6:35am,"$4,658",Delta,25h 5m,(2 stops),04/26/2019,20
1:55pm,6:35am,"$4,658",Delta,26h 40m,(2 stops),04/26/2019,20
12:03pm,6:35am,"$4,658",Delta,28h 32m,(2 stops),04/26/2019,20
11:55am,6:35am,"$4,658",Delta,28h 40m,(2 stops),04/26/2019,20
11:55am,6:35am,"$4,658",Delta,28h 40m,(2 stops),04/26/2019,20
11:55am,6:35am,"$4,658",Delta,28h 40m,(2 stops),04/26/2019,20
10:30am,6:35am,"$4,658",Delta,30h 5m,(2 stops),04/26/2019,20
10:30am,6:35am,"$4,658",Delta,30h 5m,(2 stops),04/26/2019,20
10:30am,6:35am,"$4,658",Delta,30h 5m,(2 stops),04/26/2019,20
10:30am,6:35am,"$4,658",Delta,30h 5m,(2 stops),04/26/2019,20
10:00am,6:35am,"$4,658",Delta,30h 35m,(2 stops),04/26/2019,20
6:30am,6:35am,"$4,658",Delta,34h 5m,(2 stops),04/26/2019,20
6:15am,6:35am,"$4,658",Delta,34h 20m,(2 stops),04/26/2019,20
12:03pm,6:35am,"$4,676",Delta,28h 32m,(2 stops),04/26/2019,20
11:55am,6:35am,"$4,676",Delta,28h 40m,(2 stops),04/26/2019,20
10:30am,6:35am,"$4,676",Delta,30h 5m,(2 stops),04/26/2019,20
10:30am,6:35am,"$4,676",Delta,30h 5m,(2 stops),04/26/2019,20
10:00am,6:35am,"$4,676",Delta,30h 35m,(2 stops),04/26/2019,20
2:45pm,2:50pm,"$4,717",Air China,34h 5m,(1 stop),04/26/2019,20
10:20pm,5:50pm,"$4,866",Etihad Airways,29h 30m,(1 stop),04/26/2019,20
2:30pm,6:05am,"$5,748",Emirates,49h 35m,(1 stop),04/26/2019,20
1:00pm,9:00am,"$6,606",Multiple Airlines,30h 0m,(1 stop),04/26/2019,20
9:55am,9:40am,"$1,135",Qantas Airways,33h 45m,(2 stops),04/27/2019,21
9:55am,9:40am,"$1,135",Qantas Airways,33h 45m,(2 stops),04/27/2019,21
9:55am,10:10am,"$1,135",Qantas Airways,34h 15m,(2 stops),04/27/2019,21
9:55am,10:10am,"$1,135",Qantas Airways,34h 15m,(2 stops),04/27/2019,21
9:55am,10:40am,"$1,135",Qantas Airways,34h 45m,(2 stops),04/27/2019,21
9:55am,10:40am,"$1,135",Qantas Airways,34h 45m,(2 stops),04/27/2019,21
9:55am,11:10am,"$1,135",Qantas Airways,35h 15m,(2 stops),04/27/2019,21
9:55am,11:10am,"$1,135",Qantas Airways,35h 15m,(2 stops),04/27/2019,21
9:55am,11:40am,"$1,135",Qantas Airways,35h 45m,(2 stops),04/27/2019,21
9:55am,11:40am,"$1,135",Qantas Airways,35h 45m,(2 stops),04/27/2019,21
9:55am,8:10am,"$1,146",Qantas Airways,32h 15m,(2 stops),04/27/2019,21
9:55am,8:25am,"$1,146",Qantas Airways,32h 30m,(2 stops),04/27/2019,21
9:55am,8:40am,"$1,146",Qantas Airways,32h 45m,(2 stops),04/27/2019,21
9:55am,9:10am,"$1,146",Qantas Airways,33h 15m,(2 stops),04/27/2019,21
9:55am,9:10am,"$1,146",Qantas Airways,33h 15m,(2 stops),04/27/2019,21
9:55am,6:40pm,"$1,146",Qantas Airways,42h 45m,(2 stops),04/27/2019,21
9:55am,6:40pm,"$1,146",Qantas Airways,42h 45m,(2 stops),04/27/2019,21
9:55am,6:30am,"$1,292",Qantas Airways,30h 35m,(1 stop),04/27/2019,21
12:20pm,7:00am,"$1,378",United,28h 40m,(2 stops),04/27/2019,21
5:25pm,8:40am,"$1,413",Air New Zealand,25h 15m,(2 stops),04/27/2019,21
5:25pm,10:40am,"$1,413",Air New Zealand,27h 15m,(2 stops),04/27/2019,21
7:59am,8:40am,"$1,413",Air New Zealand,34h 41m,(2 stops),04/27/2019,21
8:15pm,8:20am,"$1,437",Air Canada,22h 5m,(1 stop),04/27/2019,21
6:00pm,8:20am,"$1,437",Air Canada,24h 20m,(1 stop),04/27/2019,21
4:50pm,8:20am,"$1,437",Air Canada,25h 30m,(2 stops),04/27/2019,21
4:50pm,8:20am,"$1,437",Air Canada,25h 30m,(2 stops),04/27/2019,21
4:00pm,8:20am,"$1,437",Air Canada,26h 20m,(1 stop),04/27/2019,21
5:25pm,2:30pm,"$1,446",Air New Zealand,31h 5m,(2 stops),04/27/2019,21
6:03am,7:30am,"$1,541",Delta,35h 27m,(2 stops),04/27/2019,21
6:25pm,7:30am,"$1,543",Virgin Australia,23h 5m,(1 stop),04/27/2019,21
4:20pm,7:30am,"$1,543",Virgin Australia,25h 10m,(1 stop),04/27/2019,21
12:00pm,7:30am,"$1,543",Virgin Australia,29h 30m,(1 stop),04/27/2019,21
5:40pm,7:30am,"$1,548",Delta,23h 50m,(2 stops),04/27/2019,21
1:00pm,7:30am,"$1,548",Delta,28h 30m,(2 stops),04/27/2019,21
11:55am,7:30am,"$1,548",Delta,29h 35m,(2 stops),04/27/2019,21
10:30am,7:30am,"$1,548",Delta,31h 0m,(2 stops),04/27/2019,21
10:30am,7:30am,"$1,548",Delta,31h 0m,(2 stops),04/27/2019,21
10:30am,7:30am,"$1,548",Delta,31h 0m,(2 stops),04/27/2019,21
10:19am,7:30am,"$1,548",Delta,31h 11m,(2 stops),04/27/2019,21
10:19am,7:30am,"$1,548",Delta,31h 11m,(2 stops),04/27/2019,21
10:00am,7:30am,"$1,548",Delta,31h 30m,(2 stops),04/27/2019,21
6:25pm,7:30am,"$1,558",Multiple Airlines,23h 5m,(1 stop),04/27/2019,21
6:03am,7:30am,"$1,559",Delta,35h 27m,(2 stops),04/27/2019,21
6:03am,7:30am,"$1,559",Delta,35h 27m,(2 stops),04/27/2019,21
1:00pm,7:30am,"$1,566",Delta,28h 30m,(2 stops),04/27/2019,21
5:25pm,5:55pm,"$1,568",Air New Zealand,34h 30m,(2 stops),04/27/2019,21
10:15pm,10:45am,"$1,633",China Airlines,46h 30m,(2 stops),04/27/2019,21
7:56am,6:10am,"$1,942",Japan Airlines,32h 14m,(2 stops),04/27/2019,21
4:25pm,1:20pm,"$2,131",China Eastern Airlines,54h 55m,(2 stops),04/27/2019,21
4:25pm,1:20pm,"$2,131",China Eastern Airlines,54h 55m,(2 stops),04/27/2019,21
3:11pm,7:25am,"$2,802",American Airlines,26h 14m,(2 stops),04/27/2019,21
1:00pm,7:25am,"$2,802",American Airlines,28h 25m,(2 stops),04/27/2019,21
1:00pm,7:25am,"$2,802",American Airlines,28h 25m,(2 stops),04/27/2019,21
11:45am,7:25am,"$2,802",American Airlines,29h 40m,(2 stops),04/27/2019,21
11:45am,7:25am,"$2,802",American Airlines,29h 40m,(2 stops),04/27/2019,21
11:28am,7:25am,"$2,802",American Airlines,29h 57m,(2 stops),04/27/2019,21
7:56am,7:25am,"$2,802",American Airlines,33h 29m,(2 stops),04/27/2019,21
12:40pm,6:15am,"$2,810",Korean Air,27h 35m,(1 stop),04/27/2019,21
1:30am,7:40pm,"$3,032",China Southern Airlines,28h 10m,(1 stop),04/27/2019,21
8:35pm,7:15pm,"$3,174",Singapore Airlines,32h 40m,(2 stops),04/27/2019,21
11:30pm,8:45am,"$3,243",Philippine Airlines,43h 15m,(1 stop),04/27/2019,21
7:21pm,6:55am,"$3,299",United,21h 34m,(1 stop),04/27/2019,21
6:50pm,6:55am,"$3,299",United,22h 5m,(1 stop),04/27/2019,21
6:25pm,7:00am,"$3,299",United,22h 35m,(1 stop),04/27/2019,21
4:20pm,6:55am,"$3,299",United,24h 35m,(1 stop),04/27/2019,21
4:20pm,7:00am,"$3,299",United,24h 40m,(1 stop),04/27/2019,21
3:45pm,6:55am,"$3,299",United,25h 10m,(2 stops),04/27/2019,21
12:00pm,7:00am,"$3,299",United,29h 0m,(1 stop),04/27/2019,21
5:25pm,8:40am,"$3,303",United,25h 15m,(2 stops),04/27/2019,21
5:25pm,10:40am,"$3,303",United,27h 15m,(2 stops),04/27/2019,21
4:20pm,6:55am,"$3,304",United,24h 35m,(2 stops),04/27/2019,21
2:55pm,6:55am,"$3,304",United,26h 0m,(2 stops),04/27/2019,21
2:50pm,6:55am,"$3,304",United,26h 5m,(2 stops),04/27/2019,21
2:50pm,6:55am,"$3,304",United,26h 5m,(2 stops),04/27/2019,21
2:55pm,7:00am,"$3,304",United,26h 5m,(2 stops),04/27/2019,21
2:50pm,7:00am,"$3,304",United,26h 10m,(2 stops),04/27/2019,21
1:45am,8:20pm,"$3,335",Cathay Pacific,28h 35m,(1 stop),04/27/2019,21
1:00pm,9:00am,"$3,392",Multiple Airlines,30h 0m,(1 stop),04/27/2019,21
10:20pm,5:50pm,"$3,752",Etihad Airways,29h 30m,(1 stop),04/27/2019,21
2:30pm,10:05pm,"$5,748",Emirates,41h 35m,(1 stop),04/27/2019,21
10:20pm,6:30am,$937,Etihad Airways,42h 10m,(1 stop),04/28/2019,22
7:56am,7:25am,$994,American Airlines,33h 29m,(2 stops),04/28/2019,22
7:56am,7:25am,$994,American Airlines,33h 29m,(2 stops),04/28/2019,22
7:56am,7:25am,"$1,012",American Airlines,33h 29m,(2 stops),04/28/2019,22
7:56am,7:25am,"$1,012",American Airlines,33h 29m,(2 stops),04/28/2019,22
3:11pm,7:25am,$949,American Airlines,26h 14m,(2 stops),04/29/2019,23
1:00pm,7:25am,$949,American Airlines,28h 25m,(2 stops),04/29/2019,23
1:00pm,7:25am,$949,American Airlines,28h 25m,(2 stops),04/29/2019,23
1:00pm,7:25am,$949,American Airlines,28h 25m,(2 stops),04/29/2019,23
11:45am,7:25am,$949,American Airlines,29h 40m,(2 stops),04/29/2019,23
10:20pm,6:30am,$937,Etihad Airways,42h 10m,(1 stop),04/30/2019,24
3:11pm,7:25am,$949,American Airlines,26h 14m,(2 stops),04/30/2019,24
1:00pm,7:25am,$949,American Airlines,28h 25m,(2 stops),04/30/2019,24
1:00pm,7:25am,$949,American Airlines,28h 25m,(2 stops),04/30/2019,24
11:45am,7:25am,$949,American Airlines,29h 40m,(2 stops),04/30/2019,24
10:15pm,10:45am,$903,China Airlines,46h 30m,(2 stops),05/01/2019,25
3:11pm,7:25am,$949,American Airlines,26h 14m,(2 stops),05/01/2019,25
1:00pm,7:25am,$949,American Airlines,28h 25m,(2 stops),05/01/2019,25
1:00pm,7:25am,$949,American Airlines,28h 25m,(2 stops),05/01/2019,25
1:00pm,7:25am,$949,American Airlines,28h 25m,(2 stops),05/01/2019,25
11:30pm,8:45am,$804,Philippine Airlines,43h 15m,(1 stop),05/02/2019,26
10:15pm,10:45am,$930,China Airlines,46h 30m,(2 stops),05/02/2019,26
10:20pm,6:30am,$937,Etihad Airways,42h 10m,(1 stop),05/02/2019,26
1:45am,8:20pm,$943,Cathay Pacific,28h 35m,(1 stop),05/02/2019,26
3:11pm,7:25am,$949,American Airlines,26h 14m,(2 stops),05/02/2019,26
10:15pm,10:45am,$930,China Airlines,46h 30m,(2 stops),05/03/2019,27
7:00pm,10:45am,$930,China Airlines,49h 45m,(2 stops),05/03/2019,27
10:20pm,6:30am,$937,Etihad Airways,42h 10m,(1 stop),05/03/2019,27
3:30pm,6:15am,$973,Cathay Pacific,48h 45m,(1 stop),05/03/2019,27
3:12pm,7:25am,$994,American Airlines,26h 13m,(2 stops),05/03/2019,27
7:00pm,10:45am,$930,China Airlines,49h 45m,(2 stops),05/04/2019,28
1:45am,8:20pm,$958,Cathay Pacific,28h 35m,(1 stop),05/04/2019,28
1:45am,6:15am,$958,Cathay Pacific,38h 30m,(1 stop),05/04/2019,28
1:45am,8:50am,$958,Cathay Pacific,41h 5m,(1 stop),05/04/2019,28
1:45am,10:50am,$958,Cathay Pacific,43h 5m,(1 stop),05/04/2019,28
11:30pm,8:45am,$696,Philippine Airlines,43h 15m,(1 stop),05/05/2019,29
10:15pm,10:45am,$903,China Airlines,46h 30m,(2 stops),05/05/2019,29
8:00pm,10:45am,$903,China Airlines,48h 45m,(2 stops),05/05/2019,29
10:20pm,5:50pm,$937,Etihad Airways,29h 30m,(1 stop),05/05/2019,29
10:20pm,6:30am,$937,Etihad Airways,42h 10m,(1 stop),05/05/2019,29
11:30pm,9:00pm,$753,Philippine Airlines,31h 30m,(1 stop),05/06/2019,30
10:15pm,10:45am,$903,China Airlines,46h 30m,(2 stops),05/06/2019,30
1:45am,8:20pm,$943,Cathay Pacific,28h 35m,(1 stop),05/06/2019,30
1:45am,6:15am,$943,Cathay Pacific,38h 30m,(1 stop),05/06/2019,30
1:45am,10:50am,$943,Cathay Pacific,43h 5m,(1 stop),05/06/2019,30
10:20pm,6:30am,$935,Philippine Airlines,43h 15m,(1 stop),05/07/2019,31
3:11pm,7:25am,$946,China Airlines,49h 45m,(2 stops),05/07/2019,31
1:00pm,7:25am,$946,Etihad Airways,29h 30m,(1 stop),05/07/2019,31
1:00pm,7:25am,$946,Cathay Pacific,28h 35m,(1 stop),05/07/2019,31
1:00pm,7:25am,$946,Cathay Pacific,38h 30m,(1 stop),05/07/2019,31
